-- phpMyAdmin SQL Dump
-- version 3.5.1
-- http://www.phpmyadmin.net
--
-- Servidor: localhost
-- Tiempo de generación: 02-04-2013 a las 18:18:13
-- Versión del servidor: 6.0.0-alpha-community-nt-debug
-- Versión de PHP: 5.4.3

SET SQL_MODE="NO_AUTO_VALUE_ON_ZERO";
SET time_zone = "+00:00";


/*!40101 SET @OLD_CHARACTER_SET_CLIENT=@@CHARACTER_SET_CLIENT */;
/*!40101 SET @OLD_CHARACTER_SET_RESULTS=@@CHARACTER_SET_RESULTS */;
/*!40101 SET @OLD_COLLATION_CONNECTION=@@COLLATION_CONNECTION */;
/*!40101 SET NAMES utf8 */;

--
-- Base de datos: `colegio`
--

-- --------------------------------------------------------

--
-- Estructura de tabla para la tabla `acudiente`
--

CREATE TABLE IF NOT EXISTS `acudiente` (
  `id` int(11) NOT NULL AUTO_INCREMENT,
  `estudiante` int(11) NOT NULL,
  `nombre` varchar(45) NOT NULL,
  `apellido` varchar(45) NOT NULL,
  `email` varchar(60) NOT NULL,
  PRIMARY KEY (`id`),
  KEY `acudiente-estudiante` (`estudiante`)
) ENGINE=InnoDB DEFAULT CHARSET=latin1 AUTO_INCREMENT=1 ;

-- --------------------------------------------------------

--
-- Estructura de tabla para la tabla `estudiantes`
--

CREATE TABLE IF NOT EXISTS `estudiantes` (
  `codigo` int(11) NOT NULL,
  `apellidos` varchar(45) NOT NULL,
  `nombres` varchar(45) NOT NULL,
  `sexo` varchar(45) NOT NULL,
  `grd_13` varchar(10) NOT NULL,
  PRIMARY KEY (`codigo`),
  KEY `codigo` (`codigo`)
) ENGINE=InnoDB DEFAULT CHARSET=latin1;

--
-- Volcado de datos para la tabla `estudiantes`
--

INSERT INTO `estudiantes` (`codigo`, `apellidos`, `nombres`, `sexo`, `grd_13`) VALUES
(7034, 'DIAZ FLOREZ', 'JUAN ESTEBAN ', 'M', '11A'),
(9022, 'ECHAVARRIA SALDARRIAGA ', 'LUIS EDUARDO ', 'M', '10A'),
(9040, 'CASTAÑEDA URREGO ', 'MANUELA ', 'F', '11B'),
(10016, 'MARTINEZ VELEZ ', 'MARÍA ALEJANDRA ', 'F', '11A'),
(10018, 'MESA RESTREPO ', 'JOSÉ DANIEL ', 'M', '11A'),
(10024, 'PALACIO CUARTAS', 'SERGIO ANDRES', 'M', '11B'),
(11008, 'VALENCIA RIOS ', 'LAURA MELISSA ', 'F', '11A'),
(11024, 'VÉLEZ LONDOÑO ', 'SANTIAGO', 'M', '11A'),
(12009, 'CUBILLOS JIMÉNEZ ', 'DANIEL', 'M', '11B'),
(12016, 'VAHOS RUIZ ', 'SEBASTIAN CAMILO', 'M', '11B'),
(14021, 'OSPINA ROJAS ', 'DANIEL ', 'M', '11B'),
(14024, 'LÓPEZ PULGARÍN ', 'SANTIAGO', 'M', '11A'),
(14028, 'LUJÁN COLORADO', 'JULIANA ', 'F', '11A'),
(14034, 'SALAZAR BOTERO ', 'SANTIAGO', 'M', '10B'),
(14039, 'MARTÍNEZ GRANADA ', 'DANIELA ', 'F', '10B'),
(14042, 'AGUDELO MESA', 'JUAN JOSÉ', 'M', '10A'),
(14050, 'OCA DÍAZ ', 'JULIANA ANDREA ', 'F', '11A'),
(14051, 'OSORIO GONZÁLEZ ', 'SANTIAGO', 'M', '11B'),
(14054, 'RAMOS AGUDELO', 'MATEO ', 'M', '11A'),
(14060, 'LLANO VASQUEZ ', 'DANIELA ', 'F', '11B'),
(14068, 'ECHEVERRY MARÍN ', 'SANTIAGO', 'M', '11B'),
(14070, 'VÉLEZ ARCILA', 'JUAN CAMILO', 'M', '10B'),
(14100, 'GÓMEZ DÍAZ ', 'SEBASTIAN ', 'M', '11A'),
(15007, 'COLORADO CEBALLOS ', 'JUAN CAMILO ', 'M', '11A'),
(15017, 'ZAPATA URREGO', 'JULIANA MARÍA', 'F', '10A'),
(15018, 'CASTAÑEDA BAENA ', 'ISABELA ', 'F', '10B'),
(15053, 'MUÑOZ AGUDELO ', 'MANUEL ALEJANDRO ', 'M', '10A'),
(15055, 'ZAPATA BARRIENTOS', 'CARLOS ANDRÉS ', 'M', '11B'),
(15057, 'DURANGO SALDARRIAGA ', 'LAURA MARCELA ', 'F', '11B'),
(15058, 'ORREGO LOPERA ', 'WALTER ', 'M', '11A'),
(15061, 'ZAPATA HOYOS ', 'JHON STIVENS ', 'M', '10A'),
(15078, 'MARULANDA MARTÍNEZ ', 'MATEO ', 'M', '11B'),
(16006, 'PÉREZ LÓPEZ ', 'VALENTINA ', 'F', '10A'),
(16009, 'MORA OSORIO ', 'JULIAN ', 'M', '10A'),
(16018, 'GUTIÉRREZ HENAO', 'JUAN PABLO ', 'M', '11A'),
(16019, 'TIRADO CALLE', 'MANUELA ', 'F', '10B'),
(16020, 'ORTIZ RAMIREZ', 'SANTIAGO', 'M', '8A'),
(16022, 'ZAPATA RESTREPO ', 'MANUELA', 'F', '9B'),
(16025, 'FRANCO ROMÁN ', 'ANDREA ', 'F', '9A'),
(16026, 'PÉREZ ESPINOSA ', 'ESTEFANIA ', 'F', '10A'),
(16030, 'SÁNCHEZ GARCÍA ', 'DANIEL ', 'M', '9A'),
(16032, 'HINCAPIÉ TORRES', 'MATEO ', 'M', '10A'),
(16035, 'MADRIGAL ZULUAGA ', 'NINA ', 'F', '9A'),
(16041, 'GAÑAN PÉREZ ', 'JESSICA ', 'F', '9B'),
(16042, 'ZULUAGA MUÑOZ ', 'LAURA ANDREA ', 'F', '9B'),
(16049, 'PÉREZ CANO ', 'MARÍA ISABEL ', 'F', '10B'),
(16068, 'VERGARA MARTÍNEZ ', 'VALENTINA ', 'F', '10B'),
(16079, 'VERGARA HIGUITA', 'VALENTINA ', 'F', '9B'),
(16082, 'ALZATE PALACIO', 'MANUELA', 'F', '9A'),
(16083, 'HENAO MADRIGAL ', 'LAURA ANDREA ', 'F', '10B'),
(16084, 'PALACIO CORREA ', 'JOSÉ MANUEL ', 'M', '9A'),
(16088, 'ÁLVAREZ CHICA ', 'JUAN FERNANDO ', 'M', '9A'),
(17007, 'MURILLO GALVIS ', 'MANUELA', 'F', '9A'),
(17008, 'GARCÍA CARDONA ', 'EDGAR DAVID ', 'M', '11B'),
(17025, 'RAMOS AGUDELO', 'SANTIAGO', 'M', '9A'),
(17026, 'URIBE VALENCIA', 'SARA ', 'F', '9A'),
(17030, 'RAMIREZ DEL RIO ', 'JUAN ESTEBAN ', 'M', '11A'),
(17031, 'GUILLEN JIMÉNEZ ', 'SANTIAGO', 'M', '11B'),
(17037, 'VILLALOBOS RIVERA ', 'PABLO ANDRÉS ', 'M', '10B'),
(17039, 'AGUDELO PEREIRA', 'DAVID ', 'M', '9A'),
(17043, 'VALENCIA MONSALVE ', 'JUAN PABLO ', 'M', '9B'),
(17049, 'CARDONA YEPES ', 'SANTIAGO', 'M', '11B'),
(17050, 'TOBAR BENITEZ ', 'SANTIAGO', 'M', '11B'),
(17052, 'ORTÍZ GONZÁLEZ ', 'JUAN ESTEBAN ', 'M', '11A'),
(17057, 'OSORIO ORTEGA', 'JUAN ANDRÉS ', 'M', '11B'),
(17060, 'GARCÍA CARDONA ', 'MATEO ', 'M', '9B'),
(17071, 'CADAVID CUBAQUE ', 'JUAN DAVID ', 'M', '11A'),
(18002, 'ZULUAGA VASQUEZ', 'ISABEL', 'F', '9B'),
(18003, 'PINEDA CARDENAS', 'ANDRES FELIPE', 'M', '11B'),
(18007, 'GIRALDO PEREZ', 'ANDRES', 'M', '8A'),
(18012, 'GARCÉS YEPES', 'KATHERIN', 'F', '9A'),
(18016, 'ZULETA ZULETA', 'SIMON ESTEBAN', 'M', '8B'),
(18017, 'ESTRADA DUQUE ', 'LAURA', 'F', '10B'),
(18018, 'VALENCIA RIOS', 'MARIA CAMILA', 'F', '9A'),
(18021, 'ROMÁN GONZALEZ', 'SEBASTIAN', 'M', '9A'),
(18023, 'TIQUE CALA', 'MARIA ALEJANDRA', 'F', '8A'),
(18024, 'GOMEZ LEGARDA', 'MARIA CAMILA', 'F', '10A'),
(18026, 'ALZATE PALACIO', 'MARIANA', 'F', '7B'),
(18027, 'AGUDELO GIRALDO', 'ALEJANDRO', 'M', '8B'),
(18028, 'AGUDELO GIRALDO', 'JUAN ANDRES', 'M', '8A'),
(18032, 'ROMÁN VELASQUEZ', 'LAURA', 'F', '8B'),
(18036, 'HERNÁNDEZ GALLEGO', 'RUTH ESTER', 'F', '9B'),
(18038, 'GÓMEZ ARBELAEZ', 'JULIANA', 'F', '7A'),
(18039, 'CAMACHO ORTIZ', 'ALEJANDRO', 'M', '8B'),
(18040, 'RUÍZ ROLDAN', 'JUAN JOSÉ', 'M', '8B'),
(18042, 'GALEANO LONDOÑO', 'ESTEFANIA', 'F', '9A'),
(18043, 'MESA RESTREPO', 'JUAN ESTEBAN', 'M', '8A'),
(18055, 'VANEGAS VERGARA', 'ALEJANDRO', 'F', '8B'),
(18060, 'GONZÁLEZ BETANCUR', 'MANUELA', 'F', '9B'),
(18061, 'LEZCANO PINEDA', 'WILSON ALEJANDRO', 'M', '11B'),
(18062, 'TORO ADARVE', 'ALEJANDRO', 'M', '8A'),
(18063, 'MADRIGAL ZULUAGA', 'MARIANA', 'F', '8A'),
(18067, 'LÓPEZ PEREZ', 'VALENTINA', 'F', '7B'),
(18068, 'PAVONY RINCON', 'DANIEL', 'M', '9B'),
(18069, 'MARTINEZ GRANADA', 'MANUELA', 'F', '8B'),
(18070, 'PABONY ROJAS', 'LAURA', 'F', '8B'),
(18072, 'CANO CUADROS', 'JUAN PABLO', 'M', '9B'),
(18073, 'CANO CUADROS', 'SERGIO ANDRES', 'M', '9B'),
(18075, 'SEPÚLVEDA BOLIVAR', 'MATEO', 'M', '9B'),
(18080, 'VELÁSQUEZ ROLDAN', 'DANIEL', 'M', '8B'),
(18084, 'MEJÍA CARDONA ', 'DAVID', 'M', '9A'),
(18086, 'LLANO VASQUEZ', 'SANTIAGO', 'M', '8A'),
(18089, 'GUANUME GIL', 'VICTOR MANUEL', 'M', '9A'),
(18092, 'SÁNCHEZ RAMIREZ', 'MANUELA', 'F', '9B'),
(18095, 'CASTRO ESTRADA', 'JORGE ALEJANDRO', 'M', '11A'),
(19003, 'ZAPATA LOPEZ ', 'VALENTINA', 'F', '10A'),
(19004, 'COSSIO GALINDO', 'SEBASTIAN', 'M', '8A'),
(19008, 'ARIAS QUINCHIA', 'MICHAEL STEEV', 'M', '9A'),
(19010, 'PÉREZ BETANCUR', 'ALEJANDRO', 'M', '8B'),
(19020, 'TORRES ÁLVAREZ', 'SOPHIA', 'F', '10B'),
(19022, 'HINCAPIÉ CUERVO', 'NICOLAS', 'M', '10B'),
(19032, 'VALENCIA GALLO', 'MARIA CAMILA', 'F', '10A'),
(19037, 'MONTOYA MORA ', 'KARINA', 'F', '8A'),
(19038, 'SALDARRIAGA GOMEZ', 'PABLO ANDRES', 'M', '10B'),
(19044, 'DIAZ PUERTA', 'LAURA DANIELA ', 'F', '10B'),
(19059, 'CORTÉS MOSQUERA', 'DAVID SANTIAGO', 'M', '10B'),
(19065, 'BLANDÓN ACEVEDO ', 'ISABELA', 'F', '10A'),
(19070, 'LEON CRIOLLO', 'SEBASTIAN', 'M', '8A'),
(20002, 'GÓMEZ MOLINA', 'TOMÁS', 'M', '8A'),
(20003, 'SANTAMARÍA ZAPATA ', 'MARÍA ISABEL ', 'F', '8B'),
(20009, 'HERNÁNDEZ DUQUE ', 'NATALLY', 'F', '7A'),
(20010, 'ARROYAVE CARMONA ', 'ANDERSON', 'M', '9B'),
(20013, 'HERRERA PÉREZ ', 'ANA MARÍA ', 'F', '7A'),
(20014, 'PARRA FLOREZ ', 'ESTEBAN ', 'M', '9B'),
(20015, 'ZAPATA OROZCO ', 'EDGAR', 'M', '9A'),
(20016, 'CORTÉS MARÍN ', 'KEVIN ANDRÉS ', 'M', '8B'),
(20017, 'VANEGAS VERGARA', 'DANIELA ', 'F', '7A'),
(20021, 'AGUIRRE SALDARRIAGA', 'JULIAN ', 'M', '7B'),
(20022, 'SUAREZ CARVAJAL ', 'ISABEL  ', 'F', '6B'),
(20026, 'GONZÁLEZ MORALES ', 'EMANUEL', 'M', '9A'),
(20027, 'VILLA CARDONA ', 'DAVID ', 'M', '11B'),
(20033, 'CORDOBA RESTREPO ', 'ANA MARÍA', 'F', '9A'),
(20034, 'CALLE SUAZA ', 'STIVEN ', 'M', '9A'),
(20035, 'RESTREPO JARAMILLO ', 'JUAN MANUEL ', 'M', '7A'),
(20036, 'ARBOLEDA ZULUAGA ', 'SERGIO ANDRÉS ', 'M', '9B'),
(20037, 'GIRALDO AGUDELO ', 'JUAN PABLO', 'M', '8B'),
(20038, 'VARGAS MORA ', 'MARITZA ', 'F', '7A'),
(20039, 'RENDÓN PÉREZ ', 'JOSÉ MIGUEL ', 'M', '8B'),
(20043, 'OSPINA HERNANDEZ ', 'MATEO ', 'M', '8A'),
(20046, 'CASTAÑO POSADA ', 'JUAN JOSÉ ', 'M', '9B'),
(20047, 'OSPINA MIRA ', 'LAURA VALENTINA', 'F', '9A'),
(20053, 'GAVIRIA IDARRAGA ', 'MARÍA CAMILA', 'F', '7B'),
(20058, 'RAMIREZ DEL RIO ', 'VALENTINA', 'F', '7B'),
(20059, 'BEDOYA CARMONA ', 'CAROLINA', 'F', '9B'),
(20063, 'ECHAVARRÍA OTALVARO ', 'CATALINA', 'F', '9B'),
(20064, 'AGUIRRE CALLE ', 'JUAN PABLO ', 'M', '6B'),
(20067, 'ARROYAVE RINCÓN ', 'JEAN POOL', 'M', '9B'),
(20068, 'GONZÁLEZ MONTAÑO ', 'DIEGO ALEJANDRO ', 'M', '8B'),
(20069, 'LOAIZA NOREÑA ', 'DANIEL ', 'M', '8A'),
(20070, 'GALVAN MARIO ', 'JAIME ALBERTO ', 'M', '9B'),
(20071, 'CARDONA VERGARA ', 'CRISTIAN DAVID', 'M', '9B'),
(20072, 'USQUIANO BLANDÓN ', 'JULIAN ', 'M', '7A'),
(20074, 'JIMENEZ SANCHEZ ', 'SEBASTIAN ', 'M', '9A'),
(20075, 'AGUIAR ISAZA', 'CARLOS ANDRÉS', 'M', '8A'),
(20077, 'CARDONA COLORADO ', 'DANIELA', 'F', '8A'),
(20078, 'AVENDAÑO ZULUAGA ', 'VALENTINA', 'F', '8B'),
(20082, 'MESA GIRALDO ', 'SARA', 'F', '8B'),
(20086, 'LÓPEZ VALENCIA ', 'DAVID ', 'M', '8B'),
(20088, 'CUADROS MONTOYA ', 'CAROLINA', 'F', '7B'),
(20093, 'RESTREPO IBARGUEN ', 'MIGUEL MATEO ', 'M', '9B'),
(20097, 'FLOREZ CARMONA ', 'MANUELA ', 'F', '9A'),
(20098, 'FLOREZ CARMONA ', 'SARA ', 'F', '9A'),
(20099, 'PÉREZ NAVALES', 'EMMANUEL', 'M', '7B'),
(21002, 'RUÍZ RÍOS ', 'SARA ', 'F', '6A'),
(21003, 'JARAMILLO LOPEZ ', 'VERÓNICA JULIETH ', 'F', '7B'),
(21005, 'QUINTANA NOREÑA ', 'VALERIA ', 'F', '7A'),
(21006, 'LÓPEZ DÍAZ ', 'LAURA VICTORIA', 'F', '9A'),
(21013, 'PÉREZ AVENDAÑO ', 'CAMILO ', 'M', '10A'),
(21017, 'VASQUEZ BRAND ', 'VALENTINA', 'F', '7A'),
(21021, 'RÚA JARAMILLO ', 'JUAN RODRIGO ', 'M', '7A'),
(21027, 'LÓPEZ MACÍAS ', 'JOSÉ MARIO ', 'M', '9A'),
(21043, 'TENGANAN MEDINA ', 'MANUELA ', 'F', '8A'),
(21051, 'RÍOS GIRALDO ', 'VALERIA ', 'F', '7A'),
(21061, 'LONDOÑO MÚNERA', 'LINA MARÍA', 'F', '7A'),
(21066, 'ECHEVERRI GÓMEZ ', 'JUAN PABLO', 'M', '8A'),
(22002, 'LÓPEZ PARRA ', 'DANIELA ', 'F', '8B'),
(22004, 'CARMONA ECHAVARRÍA ', 'LAURA MARIANA', 'F', '7A'),
(22006, 'BOTERO GIL ', 'DANIEL ', 'M', '7B'),
(22007, 'VERGARA QUEJADA ', 'ISABELA ', 'F', '8A'),
(22008, 'SÁNCHEZ DUQUE ', 'ANDRÉS ESTEBAN ', 'M', '7B'),
(22009, 'VÉLEZ ARCILA ', 'VANESSA ', 'F', '8A'),
(22010, 'AGUDELO SÁNCHEZ ', 'DAVID ', 'M', '8A'),
(22013, 'AGUDELO ZAPATA ', 'JUAN MANUEL ', 'M', '7A'),
(22016, 'OCHOA RAMÍREZ ', 'EMANUEL ', 'M', '7B'),
(22017, 'ATEHORTUA TABORDA ', 'NICOLÁS ', 'M', '7A'),
(22020, 'LÓPEZ HOYOS ', 'LUIS FELIPE', 'M', '8A'),
(22021, 'SAMPEDRO RENDÓN ', 'NATALIA ANDREA ', 'F', '8B'),
(22023, 'RIVERA ARISMENDI ', 'LIZETH ', 'F', '7B'),
(22024, 'VALDERRAMA TOVAR ', 'VALERIA ', 'F', '7A'),
(22027, 'MARTINEZ DUQUE ', 'JUAN ESTEBAN ', 'M', '8B'),
(22028, 'PACHECO AGUDELO ', 'PABLO CESAR ', 'M', '7A'),
(22033, 'VÁSQUEZ NARANJO', 'LAUREN MANUELA', 'F', '7B'),
(22034, 'HERNÁNDEZ YEPES', 'CINTHYA ', 'F', '7B'),
(22037, 'ZULUAGA RAMIREZ ', 'MANUELA ', 'F', '8A'),
(22039, 'HERNÁNDEZ RAVE ', 'LAURA MELISSA', 'F', '8B'),
(22043, 'USUGA VÁSQUEZ ', 'VALENTINA ', 'F', '8B'),
(22044, 'VARGAS HERNÁNDEZ ', 'MARÍA JOSÉ', 'F', '7B'),
(22049, 'VANEGAS ARBOLEDA ', 'VALENTINA', 'F', '7B'),
(22050, 'ORREGO ROMERO ', 'MIGUEL ÁNGEL ', 'M', '8B'),
(22052, 'GRANADA DURANGO ', 'VALERIA ', 'F', '11A'),
(22056, 'GONZÁLEZ ARIAS ', 'HAROLD MAURICIO ', 'M', '11A'),
(22058, 'OSPINA ROJAS ', 'ALEJANDRO ', 'M', '7B'),
(22063, 'JIMENEZ MUNERA ', 'DANIELA ', 'F', '9B'),
(22069, 'CASTRILLÓN TORRES ', 'VANESA', 'F', '11A'),
(22077, 'LÓPEZ BEDOYA ', 'JUAN ESTEBAN ', 'M', '11A'),
(22083, 'GUACHETA VÉLEZ ', 'MARÍA CAMILA', 'F', '10B'),
(22085, 'ROMÁN MARÍN ', 'JUAN ANDRÉS ', 'M', '6B'),
(22088, 'ALANDETE VÁSQUEZ ', 'KARINA', 'F', '6A'),
(22092, 'OLIVEROS GIL ', 'MARÍA FERNANDA ', 'F', '8A'),
(22095, 'GÓMEZ PIEDRAHITA ', 'JUAN JOSÉ ', 'M', '7A'),
(22097, 'COLORADO GÓMEZ ', 'ESTEFANÍA ', 'F', '6A'),
(22101, 'MARÍN PEÑA ', 'VALENTINA', 'F', '10A'),
(23002, 'ROJAS QUINTERO ', 'SAMUEL ', 'M', '6A'),
(23006, 'ROJAS RAMÍREZ ', 'ANDRÉS FELIPE', 'M', '6B'),
(23007, 'LARA GRISALES ', 'JOHN EDUARDO ', 'M', '6A'),
(23010, 'RÚA JARAMILLO ', 'JOSÉ MANUEL', 'M', '6A'),
(23012, 'GARCÍA CARDONA ', 'SARA ', 'F', '6A'),
(23013, 'RÍOS GIRALDO ', 'VALENTINA', 'F', '6A'),
(23014, 'GIRALDO ARISTIZABAL', 'MARYORI ALEJANDRA ', 'F', '8A'),
(23015, 'URIBE VALENCIA ', 'NICOLÁS ', 'M', '6B'),
(23016, 'HERNÁNDEZ GALLEGO ', 'LAURA VICTORIA', 'F', '5B'),
(23022, 'RAMÍREZ TABORDA ', 'DANIEL ', 'M', '7A'),
(23023, 'RUÍZ ROLDÁN ', 'JULIANA', 'F', '6A'),
(23031, 'MONSALVE ARANGO ', 'JUAN PABLO ', 'M', '7A'),
(23035, 'GIRALDO GÓMEZ ', 'VICTOR MANUEL ', 'M', '11B'),
(23037, 'MENA CANO', 'MARÍA CRISTINA', 'F', '6B'),
(23038, 'CHAVARRÍA ROJAS ', 'ANDRÉS ', 'M', '11B'),
(23046, 'GIRALDO VERGARA ', 'LINDA MANUELA', 'F', '7B'),
(23063, 'USMA URREGO', 'MARIANA', 'F', '5B'),
(23065, 'RAMÍREZ NOREÑA ', 'MARIANA ', 'F', '7A'),
(23066, 'HOYOS VARGAS ', 'ANA MARÍA ', 'F', '6A'),
(23067, 'GUTIÉRREZ VERGARA ', 'JULIETA ', 'F', '7A'),
(23068, 'HENAO LONDOÑO ', 'DAVID', 'M', '6B'),
(23069, 'VARELA HERRERA ', 'MARÍA FERNANDA ', 'F', '6A'),
(23071, 'ATEHORTUA MAZO ', 'SANTIAGO ', 'M', '6A'),
(23072, 'AGUDELO CARTAGENA ', 'MARÍA JOSÉ ', 'F', '6A'),
(23073, 'MONTOYA MESA ', 'JUAN PABLO ', 'M', '8B'),
(23076, 'MORENO ACOSTA', 'SEBASTIAN ', 'M', '5B'),
(23079, 'ESCOBAR CASAS ', 'VALENTINA ', 'M', '7B'),
(23082, 'OSORIO MARÍN ', 'JUAN JOSÉ ', 'M', '11A'),
(23084, 'VILLA RAMOS ', 'SOFÍA ', 'F', '7A'),
(23086, 'CANO MÚNERA ', 'ALEJANDRO ', 'M', '8B'),
(23089, 'MÚNERA HENAO', 'ALEJANDRA ', 'F', '7B'),
(23091, 'HENAO ZULUAGA ', 'DAVID', 'M', '10B'),
(23094, 'RENDÓN RÍOS ', 'LAURA SUSANA ', 'F', '7A'),
(23096, 'GONZÁLEZ QUIROZ ', 'JUAN ESTEBAN ', 'M', '7B'),
(23097, 'VÉLEZ RAMÍREZ ', 'ANA ISABEL ', 'F', '7B'),
(23098, 'SÁNCHEZ DURANGO ', 'YELIANA ', 'F', '9B'),
(24002, 'BERRÍO CORREA ', 'JULIAN ', 'M', '6A'),
(24005, 'TOBÓN ZAPATA ', 'JUAN JOSÉ ', 'M', '5B'),
(24007, 'CASTRO RÍOS ', 'JULIAN ESTEBAN ', 'M', '6B'),
(24011, 'ESTRADA LOPERA ', 'VALERIA', 'F', '6B'),
(24015, 'GIRALDO SERNA ', 'JACOBO ANDRÉS ', 'M', '7A'),
(24016, 'HERRERA MIRA ', 'ALEJANDRO ', 'M', '7B'),
(24018, 'LÓPEZ HOYOS ', 'MARÍA ALEJANDRA ', 'F', '5B'),
(24020, 'RAMÍREZ OCHOA ', 'DAYANNA ', 'F', '7A'),
(24021, 'MOLINA PÉREZ ', 'LUISA FERNANDA ', 'F', '7B'),
(24022, 'OCAMPO AGUDELO ', 'MARLON ', 'M', '7A'),
(24023, 'LLANO AGUDELO ', 'ANDRÉS FELIPE ', 'M', '7B'),
(24026, 'MUÑOZ OLAYA ', 'ANA MARÍA ', 'F', '9B'),
(24028, 'MEDINA ACOSTA ', 'JUAN PABLO ', 'M', '5B'),
(24029, 'ZULUAGA RAMIREZ ', 'ANDRÉS FELIPE ', 'M', '5B'),
(24030, 'DAVID COLORADO ', 'MATEO ', 'M', '6B'),
(24032, 'ATEHORTUA VALENCIA ', 'CAMILO', 'M', '10A'),
(24033, 'ATEHORTUA VALENCIA ', 'SANTIAGO ', 'M', '11A'),
(24038, 'CARO OROZCO ', 'NATHALY ', 'F', '6B'),
(24039, 'VARELA AGUDELO', 'GILLIAN ALEJANDRA ', 'F', '5B'),
(24040, 'SALGADO SÁNCHEZ ', 'DAVID ANDRÉS ', 'M', '6B'),
(24041, 'JIMENEZ RESTREPO ', 'SANTIAGO ', 'M', '7B'),
(24042, 'ZAPATA GIL ', 'ANDRÉS FELIPE ', 'M', '6B'),
(24043, 'MENA CANO ', 'MANUELA ', 'F', '5B'),
(24044, 'AGUDELO CHAVERRA ', 'MARIANA ', 'F', '6B'),
(24045, 'GIRALDO RODRÍGUEZ ', 'MATEO ', 'M', '7B'),
(24046, 'TIQUE CALA ', 'JUAN CAMILO ', 'M', '5B'),
(24047, 'BRAND CALA', 'LAURA MARÍA ', 'F', '6A'),
(24048, 'LEZCANO PINEDA ', 'SARA CAROLINA ', 'F', '6B'),
(24049, 'ÁLVAREZ SUÁREZ ', 'ELIZABETH ', 'F', '11A'),
(24050, 'BARRIENTOS GUTIÉRREZ ', 'EMMANUEL ', 'M', '5B'),
(24051, 'MONCADA NANCLARES ', 'JUAN MANUEL ', 'M', '7B'),
(24052, 'CARDONA BARRERA ', 'ANDRÉS FELIPE ', 'M', '6A'),
(24053, 'LÓPEZ CARRASQUILLA ', 'SIMÓN', 'M', '6A'),
(24055, 'GALLEGO ARROYAVE ', 'SANTIAGO ', 'M', '7A'),
(24056, 'RONDÓN VALENCIA ', 'ESTEFANÍA ', 'F', '7B'),
(24057, 'LEAL CASTAÑO ', 'SANTIAGO ', 'M', '5A'),
(24059, 'OSORIO GAVIRIA ', 'ANGIE MILENA ', 'F', '10B'),
(24063, 'CATAÑO ESPINOSA', 'ZIMARITH ', 'F', '6A'),
(24064, 'ZAPATA HOYOS ', 'JOAN ESTEBAN ', 'M', '6B'),
(24069, 'ARIAS QUINCHÍA ', 'BRYAN ', 'M', '6A'),
(24070, 'SOTO LOZANO ', 'JUAN ESTEBAN ', 'M', '6A'),
(24078, 'AVILES PEDROZO', 'MARÍA FERNANDA ', 'F', '9A'),
(24079, 'VÉLEZ LOZANO ', 'PAOLA ANDREA', 'F', '5B'),
(24083, 'SIERRA LÓPEZ ', 'MARÍA ALEJANDRA ', 'F', '11B'),
(24087, 'ARANGO MONTOYA ', 'MARÍA ALEJANDRA ', 'F', '8B'),
(24088, 'RESTREPO IBARGUEN ', 'JUAN PABLO ', 'M', '6A'),
(24091, 'VILLEGAS PATIÑO', 'CAMILO ANDRÉS', 'M', '6A'),
(24092, 'RENDÓN FLOREZ ', 'MARÍA CAMILA ', 'F', '10B'),
(24094, 'BUITRAGO CORREA ', 'MARÍA FERNANDA ', 'F', '7A'),
(25004, 'LONDOÑO RESTREPO', 'HOLMAN', 'M', '7B'),
(25006, 'GALLEGO VALENCIA ', 'DANIEL', 'M', '6B'),
(25007, 'LÓPEZ CORREA', 'JEAN SEBASTIAN', 'M', '6A'),
(25011, 'MARTÍNEZ RESTREPO ', 'SAMUEL', 'M', '5B'),
(25012, 'BRAN ARBOLEDA ', 'MOISES', 'M', '5A'),
(25013, 'JARAMILLO ROMAN', 'MARÍA FERNANDA ', 'F', '5B'),
(25014, 'LONDOÑO VAHOS', 'MANUELA ', 'F', '7A'),
(25018, 'LÓPEZ HENAO ', 'TOMÁS', 'M', '5A'),
(25019, 'CASTAÑO ORTIZ ', 'ALEJANDRO', 'M', '8A'),
(25020, 'MEJÍA JIMENEZ ', 'ANDRÉS FELIPE', 'M', '11A'),
(25023, 'OCAMPO GONZÁLEZ ', 'JUAN PABLO', 'M', '6B'),
(25024, 'RAMÍREZ SÁNCHEZ ', 'ESTEFANÍA ', 'F', '5A'),
(25029, 'BOTERO LOPERA ', 'FEDERICO', 'M', '6A'),
(25030, 'MOSQUERA SÁNCHEZ ', 'LIZDANIA', 'F', '9A'),
(25031, 'GARCIA TRUJILLO', 'NATHALY CECILIA', 'F', '8A'),
(25038, 'HIDALGO VILLEGAS', 'SARA', 'F', '6A'),
(25039, 'HERNANDEZ MARTINEZ', 'ANDRES FELIPE', 'M', '5B'),
(25040, 'CRUZ ZAPATA', 'ESTEFANIA', 'F', '5A'),
(25041, 'CARDONA RESTREPO', 'LUISA MARIA', 'F', '7B'),
(25044, 'SEPULVEDA CADAVID', 'MANUELA', 'F', '8B'),
(25047, 'SANCHEZ ZAPATA', 'SAMANTA', 'F', '11B'),
(25052, 'MORALES OSPINA ', 'PAULINA', 'F', '4B'),
(25053, 'ESCOBAR LARREA', 'VALENTINA', 'F', '9B'),
(25054, 'ESCOBAR LARREA', 'SANTIAGO', 'M', '4B'),
(25055, 'CASTRO GIL', 'PAULINA', 'F', '9B'),
(25056, 'TAPIAS PEREZ', 'SAMUEL', 'M', '4B'),
(25057, 'SÁNCHEZ GIRALDO', 'MATEO', 'M', '5B'),
(25058, 'ORREGO ALVAREZ', 'ISABELA MARIA', 'F', '6B'),
(25059, 'PALACIO VASQUEZ', 'SARA LUNA', 'F', '5B'),
(25060, 'VALENCIA VELEZ ', 'DAVID ALEXIS', 'M', '5A'),
(25061, 'VALENCIA ESTRADA', 'JUAN FELIPE', 'M', '4C'),
(25063, 'GOMEZ ZAPATA', 'MARCO ALEJANDRO', 'M', '6A'),
(25064, 'ZULETA ZULETA', 'DAVID ALEJANDRO', 'M', '4B'),
(25065, 'HERNÁNDEZ DUQUE', 'VICTOR MANUEL', 'M', '8B'),
(25068, 'CHAVARRIA OCHOA', 'JUAN ANDRES', 'M', '6B'),
(25069, 'VARGAS ACEVEDO', 'MARIA PAULA', 'F', '5A'),
(25071, 'EUSSE HENAO', 'SEBASTIAN', 'M', '5A'),
(25072, 'RESTREPO GARCIA', 'LAURA', 'F', '6A'),
(25074, 'PULGARIN AMAYA', 'VALERIA', 'F', '6B'),
(25076, 'VILLEGAS GUZMAN', 'SANTIAGO', 'M', '4B'),
(25077, 'QUINTERO VIRVIESCAS', 'DANIEL FELIPE', 'M', '6A'),
(25079, 'GUTIÉRREZ GIL', 'SARA', 'F', '6A'),
(25083, 'AVENDAÑO PUERTA', 'MARIA CLARA', 'F', '5A'),
(25084, 'VANEGAS GOMEZ', 'SUSANA', 'F', '6B'),
(25087, 'CATAÑO HOLGUIN', 'MARIA CAMILA', 'F', '6A'),
(25088, 'BERRIO BETANCUR ', 'SOFIA', 'F', '6A'),
(25092, 'AGUDELO ARANGO', 'ESTEBAN', 'M', '4A'),
(25093, 'MUÑOZ BERRIO', 'VALERIA', 'F', '4B'),
(25094, 'GOEZ GONZALEZ', 'MARIA CAMILA', 'F', '5A'),
(25095, 'MEJIA VANEGAS', 'JULIAN', 'M', '5A'),
(25096, 'ROLDÁN GIRALDO', 'SEBASTIAN', 'M', '4B'),
(25097, 'RODRÍGUEZ ECHEVERRI', 'MANUEL ALEJANDRO', 'M', '6A'),
(25099, 'MUÑOZ OLAYA ', 'ANDRES', 'M', '5B'),
(25100, 'ZAPATA MARQUEZ', 'MARIA ALEJANDRA', 'F', '6B'),
(26001, 'DIAZ PUERTA', 'JUAN FELIPE', 'M', '6A'),
(26002, 'ORREGO ROMERO', 'MANUELA', 'F', '6A'),
(26005, 'MANCO GOMEZ', 'MARIANA', 'F', '6B'),
(26006, 'PÉREZ LONDOÑO', 'MARIA FERNANDA', 'F', '5B'),
(26007, 'LOPEZ CARRASQUILLA', 'CARLOS DAVID', 'M', '4C'),
(26008, 'CHICA CASTAÑO', 'DANIEL', 'M', '5A'),
(26009, 'OSORIO ALZATE', 'MANUEL ALEJANDRO', 'M', '11B'),
(26013, 'JIMENEZ ALVAREZ', 'ANDRES FELIPE', 'M', '5A'),
(26014, 'AVENDAÑO ZAPATA', 'JULIAN', 'M', '5A'),
(26015, 'CASTAÑO TABORDA', 'MATEO', 'M', '5B'),
(26016, 'CATAÑO HOLGUIN', 'JUAN PABLO', 'M', '11A'),
(26017, 'ECHAVARRIA OTALVARO', 'JUAN MANUEL', 'M', '7A'),
(26018, 'GALLEGO MESA', 'ISAAC', 'M', '5A'),
(26019, 'GARCES BERRIO', 'PAULINA', 'F', '5B'),
(26021, 'TORRES VAHOS', 'JOSE MIGUEL', 'M', '4A'),
(26022, 'GIL GIRALDO ', 'BRENDA', 'F', '6B'),
(26023, 'NARANJO RIOS', 'SOFIA', 'F', '6B'),
(26024, 'FLOREZ RAMIREZ ', 'JERONIMO ', 'M', '4C'),
(26025, 'NARANJO RIOS', 'VALENTINA', 'F', '4C'),
(26026, 'USQUIANO BLANDON ', 'CAMILO', 'M', '4B'),
(26027, 'BURGOS POSADA', 'SARA', 'F', '6B'),
(26028, 'VASQUEZ PEREZ', 'ESTEBAN', 'M', '5A'),
(26029, 'AVENDAÑO LONDOÑO', 'JUAN FELIPE', 'M', '4A'),
(26030, 'JIMENEZ AGUDELO ', 'SAMUEL', 'M', '4B'),
(26032, 'CONGOTE SEPULVEDA', 'ISABELA', 'F', '5A'),
(26034, 'SALAZAR RESTREPO ', 'MANUELA', 'F', '5A'),
(26035, 'ZAPATA MERCADO ', 'PABLO DANIEL', 'M', '5B'),
(26037, 'MEJIA GIRALDO ', 'ANDRES CAMILO', 'M', '6B'),
(26039, 'LOPEZ MACIAS', 'MARIANA', 'F', '11B'),
(26040, 'LONDOÑO ALVAREZ', 'JUAN JOSE', 'M', '6A'),
(26042, 'MOLINA BERMUDEZ', 'LUIS MIGUEL', 'M', '4A'),
(26043, 'DAVID TABORDA', 'DUBAN', 'M', '11B'),
(26045, 'TOBÓN ZAPATA ', 'SANTIAGO', 'M', '4C'),
(26047, 'ZAMUDIO ALVAREZ', 'MAURICIO', 'M', '11B'),
(26050, 'HILL GIL', 'SEBASTIAN', 'M', '5A'),
(26053, 'SALAZAR BOTERO', 'CAROLINA', 'F', '5A'),
(26054, 'GUERRA CIFUENTES ', 'VALERIA', 'F', '4C'),
(26057, 'ARANZAZU CARDENAS', 'JUAN ESTEBAN ', 'M', '4B'),
(26058, 'QUIÑONES CASTAÑEDA', 'ISABELLA', 'F', '4A'),
(26059, 'VALDIVIESO ZAPATA', 'SEBASTIAN', 'M', '4A'),
(26062, 'GIRALDO HERNANDEZ', 'SANTIAGO', 'M', '10A'),
(26063, 'GIRALDO HERNANDEZ', 'JUAN JOSE', 'M', '11A'),
(26065, 'RESTREPO GUZMAN', 'ANDRES FELIPE', 'M', '4A'),
(26066, 'CADAVID NAVALES', 'VALENTINA', 'F', '4C'),
(26067, 'MARÍN GÓMEZ', 'MIGUEL ANGEL', 'M', '4A'),
(26068, 'LÓPEZ ROJAS', 'MICHAEL SANTIAGO', 'M', '10A'),
(26069, 'BURGOS POSADA', 'TOMÁS', 'M', '3C'),
(26070, 'MARTÍNEZ BUILES', 'DAVID', 'M', '4B'),
(26071, 'ÁLVAREZ VÁSQUEZ', 'MARIA ISABELA', 'F', '4B'),
(26073, 'ALZATE PALACIO', 'ANA ISABEL', 'F', '5A'),
(26074, 'MARTÍNEZ ROJAS', 'ANGÉLICA MARIA', 'F', '3C'),
(26078, 'MONTOYA FLÓREZ', 'CATALINA', 'F', '5B'),
(26079, 'MIRA GRAJALES', 'SARA', 'F', '3B'),
(26080, 'MONCADA GUANUME', 'XIMENA ', 'F', '3C'),
(26082, 'CUERVO VARGAS', 'GERALDÍN', 'F', '5A'),
(26086, 'DUQUE MARÍN', 'YESENIA', 'F', '10A'),
(26087, 'COLORADO MOLINA', 'ANGELLY', 'F', '3A'),
(26089, 'CADAVID TREJOS', 'MATEO', 'M', '4C'),
(26092, 'MESA OQUENDO', 'ANDERSON CAMILO', 'M', '10B'),
(26093, 'GALEANO MARÍN', 'MARIANA', 'F', '5B'),
(26094, 'GARZÓN DÍAZ', 'LUISA FERNANDA', 'F', '5A'),
(26095, 'PÉREZ MEJÍA', 'SARA', 'F', '3A'),
(26096, 'GAVIRIA TOBÓN', 'XIOMARA', 'F', '10A'),
(26098, 'LEZCANO ADARVE', 'ESTEFANÍA ', 'F', '10B'),
(26099, 'OVIEDO NARANJO', 'SUSANA', 'F', '8A'),
(27001, 'ZULETA ZULETA', 'MICHELLE CATHERINE', 'F', '3B'),
(27002, 'MORA OSORIO ', 'MATEO', 'M', '4A'),
(27004, 'MENA CANO', 'SUSANA', 'F', '3C'),
(27006, 'MONTOYA TAMAYO', 'ANDRÉS FELIPE', 'M', '5B'),
(27007, 'OCAMPO LEÓN', 'DANIELA', 'F', '10A'),
(27011, 'OSORIO COLORADO', 'VALENTINA', 'F', '5B'),
(27014, 'MEJÍA LONDOÑO', 'MARIANA LORENA', 'F', '3C'),
(27015, 'PARRA LONDOÑO', 'JUAN DIEGO', 'M', '4A'),
(27016, 'RAMÍREZ AVENDAÑO', 'VALENTINA', 'F', '4C'),
(27018, 'GONZÁLEZ IDÁRRAGA', 'DAVID', 'M', '4A'),
(27020, 'HERNÁNDEZ TABORDA', 'JULIANA', 'F', '10B'),
(27022, 'LOPERA RESTREPO', 'PABLO', 'M', '5B'),
(27023, 'GÓMEZ OCAMPO', 'ANLLILY DAHIANA', 'F', '3C'),
(27025, 'HERRERA PATIÑO', 'FABIANA', 'F', '3A'),
(27026, 'PÉREZ GARCÍA', 'SAMUEL DAVID', 'M', '5B'),
(27028, 'RAMÍREZ BERMUDEZ', 'SANTIAGO', 'M', '4C'),
(27029, 'RESTREPO MORENO', 'SOFIA', 'F', '4C'),
(27030, 'RINCÓN SOLIS', 'MATEO', 'M', '5B'),
(27032, 'GOEZ PÉREZ', 'VALENTINA', 'F', '3A'),
(27033, 'MUÑOZ OCAMPO', 'JUAN PABLO', 'M', '5A'),
(27034, 'MARÍN GÓMEZ', 'PAULINA', 'F', '5A'),
(27035, 'RIVAS GONZÁLEZ', 'JUAN JOSÉ', 'M', '4B'),
(27036, 'SÁNCHEZ ROJAS', 'JOSE MANUEL', 'M', '3C'),
(27037, 'RODRÍGUEZ GOEZ', 'LUISA MARIA', 'F', '3B'),
(27041, 'SUÁREZ AYALA', 'SARA', 'F', '4B'),
(27043, 'TANGARIFE MEJIA', 'JUAN JOSE', 'M', '3B'),
(27045, 'HOYOS MONTOYA', 'SUSANA', 'F', '4B'),
(27048, 'VÁSQUEZ JARAMILLO', 'SEBASTIAN', 'M', '4B'),
(27049, 'ESPINOSA OSORIO', 'JUAN PABLO', 'M', '5B'),
(27050, 'RESTREPO MONTOYA ', 'SEBASTIAN', 'M', '8A'),
(27051, 'RESTREPO MONTOYA ', 'VALENTINA', 'F', '6B'),
(27055, 'LONDOÑO PÉREZ', 'ANA SOFIA', 'F', '4A'),
(27057, 'JARAMILLO JIMÉNEZ', 'LAURA', 'F', '4A'),
(27058, 'BARRERA GONZÁLEZ', 'JUAN JOSÉ', 'M', '4A'),
(27062, 'GIRALDO GUTIÉRREZ', 'JONATHAN', 'M', '5B'),
(27065, 'PÉREZ RUÍZ', 'JULIANA', 'F', '4A'),
(27067, 'QUINTERO CARDOZO', 'ANDRES FELIPE', 'M', '3C'),
(27071, 'CORREA GARCÍA', 'MARÍA CAMILA', 'F', '4C'),
(27072, 'DUQUE CASTAÑO', 'DANIEL', 'M', '5B'),
(27073, 'DUQUE CASTAÑO', 'LAURA', 'F', '3A'),
(27074, 'GUTIÉRREZ HURTADO', 'SANTIAGO', 'M', '4B'),
(27076, 'GONZÁLEZ CASTILLO', 'DAVID ALEJANDRO', 'M', '4C'),
(27079, 'ACEVEDO BARRIOS', 'SALOMÉ', 'F', '4A'),
(27083, 'USMA BLANCO', 'DANA MICHELLE', 'F', '4B'),
(27084, 'RAMÍREZ JURADO', 'MANUELA', 'F', '5A'),
(27085, 'OCHOA DAVID', 'CAROLINA', 'F', '4C'),
(27087, 'OSORIO ESPINAL', 'MARÍA JOSÉ', 'F', '4A'),
(27088, 'VALLEJO ZAPATA', 'ANA MARÍA', 'F', '11A'),
(27089, 'ARÉVALO JARAMILLO', 'DANIELA', 'F', '3C'),
(27091, 'MONSALVE BAENA', 'VALENTINA', 'F', '8B'),
(27092, 'POSADA RENDÓN', 'SARA MARCELA', 'F', '5A'),
(27095, 'GUTIÉRREZ CORREA', 'JUAN ANDRÉS ', 'M', '4B'),
(27097, 'CARDONA SUAZA', 'JUAN PABLO', 'M', '5A'),
(27098, 'LONDOÑO VAHOS', 'PAULINA', 'F', '3A'),
(27099, 'ZULUAGA VÁSQUEZ', 'DANIELA', 'F', '4A'),
(28001, 'VILLADA ATEHORTUA ', 'DAYANA MARCELA', 'F', '9A'),
(28004, 'QUINTANA NOREÑA ', 'JUAN FERNANDO', 'M', '4C'),
(28006, 'RENDÓN MARTÍNEZ', 'SEBASTIÁN', 'M', '6B'),
(28007, 'RAMÍREZ SÁNCHEZ ', 'DAVID', 'M', '5A'),
(28010, 'POSADA AGUDELO', 'MATEO', 'M', '8A'),
(28012, 'GONZÁLEZ MEJÍA', 'MICHELL DANIELA', 'F', '11B'),
(28013, 'MONSALVE RIVERA', 'ISABELA', 'F', '3B'),
(28014, 'ARIAS QUINCHÍA', 'DAYANA', 'F', '2A'),
(28015, 'CANO DUQUE', 'VALERIA', 'F', '2B'),
(28016, 'CAMACHO ORTÍZ', 'ESTEBAN', 'M', '3B'),
(28018, 'BOTERO GIL', 'ALEJANDRO', 'M', '3A'),
(28019, 'CARDONA AGUILAR', 'ANA SOFÍA', 'F', '3B'),
(28020, 'GRANADA DURANGO', 'SOFÍA', 'F', '4A'),
(28021, 'LÓPEZ CARRASQUILLA', 'JUAN MANUEL', 'M', '3A'),
(28022, 'OCHOA TRUJILLO', 'JUAN ESTEBAN', 'M', '4B'),
(28024, 'VÉLEZ TRUJILLO', 'JULIAN', 'M', '2A'),
(28025, 'PEREA CARDONA', 'JAIME JOSUÉ', 'M', '4B'),
(28026, 'TAMAYO MONTOYA', 'JUAN PAULO', 'M', '2B'),
(28027, 'HIGUITA RUÍZ', 'DANIELA', 'F', '10A'),
(28029, 'LARA VÁSQUEZ', 'NICOLÁS', 'M', '5B'),
(28030, 'ESCOBAR GARCÍA', 'SEBASTIÁN', 'M', '4A'),
(28031, 'ARIAS HURTADO', 'DANIELA', 'F', '4B'),
(28033, 'GARCÍA GIL', 'JERÓNIMO', 'M', '3C'),
(28035, 'FLOREZ FLOREZ', 'BREINER ANDRÉS', 'M', '4C'),
(28036, 'SÁNCHEZ PATIÑO', 'KATERIN', 'F', '4B'),
(28037, 'GIRALDO GIRALDO', 'SAMUEL', 'M', '2C'),
(28040, 'RAMÍREZ MARTÍNEZ', 'SOFÍA', 'F', '3A'),
(28041, 'JARAMILLO VALENCIA', 'ALEXIS', 'M', '9A'),
(28042, 'ZAPATA MUÑOZ', 'ESTEBAN', 'M', '4A'),
(28044, 'CALDERÓN GARZÓN', 'LUISA MARÍA', 'F', '4B'),
(28045, 'BETANCUR TORRES', 'SARA', 'F', '3B'),
(28046, 'GÓMEZ ECHAVARRÍA', 'JOSE MIGUEL', 'M', '3C'),
(28047, 'HURTADO FORONDA', 'JUAN ESTEBAN', 'M', '9B'),
(28048, 'JIMÉNEZ FORONDA', 'ANA SOFÍA', 'F', '3A'),
(28049, 'PINEDA MÚNERA', 'ISAAC', 'M', '2C'),
(28050, 'GÓMEZ VASCO', 'ANGELY', 'F', '8A'),
(28051, 'VÉLEZ MESA', 'DIANA CAROLINA', 'F', '9B'),
(28052, 'ARANGO CUARTAS', 'MARÍA CAMILA', 'F', '4C'),
(28053, 'LOPERA CHIQUITO', 'ISABELA', 'F', '3C'),
(28054, 'ORTÍZ ARANGO', 'STEFANÍA', 'F', '9B'),
(28055, 'GUTIÉRREZ CORREA', 'LUISA FERNANDA', 'F', '4C'),
(28056, 'RÍOS MARQUEZ', 'DANINSON', 'M', '3B'),
(28058, 'CASTAÑO ARENIS', 'DANIELA', 'F', '3C'),
(28059, 'JARAMILLO CHICA', 'ANA SOFÍA', 'F', '2B'),
(28060, 'ORREGO MÚNERA', 'LAURA', 'F', '2A'),
(28061, 'MIRA GARCIA', 'SAMUEL', 'M', '4C'),
(28063, 'GUTIÉRREZ GIL', 'SEBASTIÁN', 'M', '9A'),
(28064, 'MARTÍNEZ SERNA', 'MARÍA LUISA', 'F', '3A'),
(28065, 'ESCUDERO VÉLEZ', 'SANTIAGO', 'M', '8B'),
(28068, 'MOSQUERA RAMIREZ', 'LIANNY YISETH', 'F', '4B'),
(28069, 'OCA DÍAZ', 'JUAN SEBASTIÁN', 'M', '4B'),
(28070, 'JARAMILLO MONCADA', 'ANA SOFIA', 'F', '3B'),
(28071, 'RESTREPO MONTOYA', 'VALENTINA', 'F', '9A'),
(28072, 'HERNÁNDEZ RIVERA', 'CAMILO', 'M', '4C'),
(28073, 'LÓPEZ VALENCIA', 'ISABEL CRISTINA', 'F', '3B'),
(28074, 'BUSTAMANTE RAMÍREZ', 'MARIANA', 'F', '4A'),
(28075, 'MEDINA ACOSTA', 'MATEO', 'M', '2C'),
(28076, 'MERA TRIANA', 'JERÓNIMO', 'M', '3C'),
(28077, 'MUÑOZ MEDINA', 'VALENTINA', 'F', '3C'),
(28081, 'RAMÍREZ CORREA', 'VALENTINA', 'F', '3B'),
(28082, 'DUQUE RESTREPO', 'VALENTINA', 'F', '4B'),
(28083, 'CUELLO MARÍN', 'SEBASTIÁN', 'M', '4B'),
(28084, 'GIRALDO ARISTIZÁBAL', 'IO ANDREA', 'F', '3B'),
(28086, 'LÓPEZ ZAPATA', 'JULIANA', 'F', '6B'),
(28087, 'URIBE CASTRILLON', 'MATEO', 'M', '4C'),
(28088, 'GIRALDO RICO', 'MARIANA', 'F', '3C'),
(28089, 'SALAZAR POSADA', 'YULIANA', 'F', '4A'),
(28091, 'CHALARCA RAMÍREZ', 'JUAN DAVID', 'M', '3B'),
(28093, 'SUÁREZ COLORADO', 'JORGE ANDRÉS', 'M', '10A'),
(28094, 'MARÍN SÁNCHEZ', 'SANTIAGO', 'M', '4C'),
(28095, 'MARÍN SÁNCHEZ', 'JUAN JOSÉ', 'M', '6B'),
(28096, 'VÉLEZ BUSTAMANTE', 'SANTIAGO', 'M', '8B'),
(28097, 'RESTREPO LONDOÑO', 'SARA', 'F', '6B'),
(29001, 'OSPINA ARBELAEZ', 'SANTIAGO', 'M', '5A'),
(29002, 'LÓPEZ ZAPATA', 'FELIPE', 'M', '4B'),
(29003, 'ARAQUE VALENCIA', 'MIGUEL ANGEL', 'M', '4C'),
(29004, 'RUÍZ CALLEJAS', 'ELYAN YHOEL', 'M', '4C'),
(29005, 'MARTÍNEZ LONDOÑO', 'MIGUEL ANGEL', 'M', '3B'),
(29006, 'TABORDA GARCÍA', 'SARA', 'F', '3B'),
(29007, 'MIRANDA RESTREPO', 'VALENTINA', 'F', '2C'),
(29008, 'BOTERO CASTRO', 'JUAN PABLO', 'M', '3B'),
(29011, 'ABAD BEDOYA', 'JERÓNIMO', 'M', '2C'),
(29012, 'ABAD BEDOYA', 'MIGUEL ANGEL', 'M', '3C'),
(29013, 'LOZANO LONDOÑO', 'DANIEL', 'M', '8A'),
(29014, 'RODRÍGUEZ RODRÍGUEZ', 'MARIA SILVANA', 'F', '11B'),
(29015, 'ZAPATA JIMÉNEZ', 'JOSE JULIÁN', 'M', '3A'),
(29018, 'CUBAQUE ALZATE', 'SOFÍA', 'F', '3C'),
(29020, 'VÁSQUEZ GONZÁLEZ', 'SARA', 'F', '3C'),
(29021, 'ARBOLEDA PÉREZ', 'MARIANA', 'F', '4A'),
(29022, 'BEDOYA RUÍZ', 'JUAN JOSÉ', 'M', '4B'),
(29024, 'HERNÁNDEZ PATIÑO', 'JHON SAMUEL', 'M', '4A'),
(29030, 'ZAPATA TAMAYO', 'CAMILO', 'M', '2C'),
(29031, 'BUITRAGO HINCAPIÉ', 'DAVID', 'M', '4C'),
(29033, 'RAMÍREZ ARBOLEDA', 'DANIELA', 'F', '2A'),
(29034, 'MONTERROZA CHÁVEZ', 'JORGE MARIO', 'M', '4C'),
(29035, 'CORTÉS VASCO', 'JULIETA', 'F', '2A'),
(29038, 'SANTAMARÍA SUESCUN', 'STIVEN ', 'M', '4C'),
(29039, 'OQUENDO MORALES', 'EMANUEL', 'M', '4C'),
(29041, 'PARRA MELGUIZO', 'SOFÍA', 'F', '10B'),
(29045, 'MUÑETÓN RÍOS', 'JOSÉ SANTIAGO', 'M', '10B'),
(29046, 'MENDOZA RÍOS', 'MELANY', 'F', '10A'),
(29048, 'RODRÍGUEZ ZAPATA', 'VALENTINA', 'F', '6A'),
(29050, 'RAMÍREZ ZULETA', 'ALEJANDRO', 'M', '6A'),
(29057, 'ORTÍZ CORTÉS', 'DANIEL', 'M', '4C'),
(29060, 'FORONDA PÉREZ', 'BRIAN EMANUEL', 'M', '11A'),
(29064, 'MARTÍNEZ MARÍN', 'MARÍA ISABEL ', 'F', '5B'),
(29066, 'MUÑOZ MONTES', 'CAROLINA', 'F', '7B'),
(29067, 'CARDONA MAYA', 'MANUELA', 'F', '2C'),
(29068, 'ARBOLEDA PÉREZ', 'JUAN CAMILO', 'M', '5A'),
(29069, 'AGUIRRE GIL', 'ROLANDO', 'M', '9B'),
(29072, 'ALARCÓN OROZCO', 'ADER ALÍ', 'M', '5A'),
(29073, 'ALARCÓN OROZCO', 'LINDA KAROLAY', 'F', '10A'),
(29074, 'CALLE ARDILA', 'SARA NICOLLE', 'F', '3B'),
(29075, 'ÁLVAREZ IBARRA', 'JUAN SEBASTIAN', 'M', '1A'),
(29076, 'ESCUDERO PALACIO', 'JUAN JOSÉ', 'M', '2B'),
(29077, 'ESPAÑA QUIROZ', 'JANIN ALEJANDRA', 'F', '2C'),
(29078, 'GARCÍA ACEVEDO', 'TOMÁS', 'M', '2B'),
(29079, 'HENAO ESCOBAR', 'TOMÁS', 'M', '2B'),
(29080, 'HIGUITA MUÑOZ', 'MARIANA', 'F', '2C'),
(29081, 'MARÍN MONTOYA', 'LAURA', 'F', '1A'),
(29082, 'TIRADO DÁVILA', 'JUAN JOSÉ', 'M', '1B'),
(29083, 'HINCAPIÉ GENTIL', 'FERNANDO ANDRÉS', 'M', '2A'),
(29084, 'LEGARDA TABORDA', 'MARÍA JOSÉ', 'F', '2B'),
(29085, 'CARTAGENA ALBA', 'ANDRÉS FELIPE', 'M', '3A'),
(29086, 'MUÑETÓN DUQUE', 'LUNA', 'F', '2A'),
(29088, 'JURADO GAVIRIA', 'KEVIN ANDRÉS', 'M', '4B'),
(29089, 'GUTIÉRREZ DELGADO', 'ANA SOFÍA', 'F', '1C'),
(29090, 'MIRA TABARES', 'JERÓNIMO', 'M', '3A'),
(29091, 'RIASCO ZULUAGA', 'MARÍA ALEJANDRA', 'F', '2A'),
(29092, 'RAMÍREZ ARBOLEDA', 'MANUELA', 'F', '1B'),
(29093, 'TOBÓN LÓPEZ', 'ANA SOFÍA', 'F', '3B'),
(29094, 'PINEDA ARANGO', 'LAURA ISABEL', 'F', '4B'),
(29095, 'PINEDA ARANGO', 'MARÍA JOSÉ', 'F', '8B'),
(29096, 'RÍOS ZULUAGA', 'LAURA', 'F', '2B'),
(29097, 'URIBE QUIRAMA', 'KEVIN ESTEBAN', 'M', '2A'),
(29098, 'GIL GIRALDO', 'VALENTINA', 'F', '4B'),
(30002, 'RAMÍREZ ARANGO', 'SANTIAGO', 'M', '3C'),
(30003, 'RAMÍREZ ARANGO', 'LORENA', 'F', '2C'),
(30004, 'TOBÓN CARTAGENA', 'SAMUEL', 'M', '4A'),
(30005, 'MARTÍNEZ VÁSQUEZ', 'MIGUEL ANGEL', 'M', '3A'),
(30006, 'JARAMILLO JIMÉNEZ', 'MANUELA', 'F', '1C'),
(30007, 'GALLEGO MESA', 'SAMUEL', 'M', '2A'),
(30008, 'TANGARIFE MEJÍA', 'SIMÓN', 'M', '1B'),
(30009, 'ROLDÁN GIRALDO', 'ISABELA', 'F', '1C'),
(30010, 'CASTAÑEDA MONTOYA', 'JUAN ESTEBAN', 'M', '1C'),
(30011, 'VELÁSQUEZ HOLGUÍN', 'CRISTIAN', 'M', '2C'),
(30012, 'ORTÍZ NOREÑA', 'MARIANA', 'F', '1A'),
(30013, 'OSPINA GIL', 'MARÍA CAMILA', 'F', '1A'),
(30014, 'ORTÍZ CORTÉS', 'SARA', 'F', '8A'),
(30015, 'SAENZ ALVAREZ', 'JOSEPH DAVID', 'M', '1C'),
(30016, 'AVENDAÑO PUERTA', 'SOFIA', 'F', '3A'),
(30017, 'MESA OQUENDO', 'DANIEL ALEJANDRO', 'M', '3C'),
(30018, 'GIRALDO RICO', 'MARÍA CLARA', 'F', '1B'),
(30019, 'OCAMPO ATEHORTÚA', 'MARÍA JOSÉ', 'F', '2B'),
(30020, 'ECHEVERRI GÓMEZ', 'SAMUEL', 'M', '2C'),
(30022, 'MARÍN LONDOÑO', 'JULIÁN DAVID', 'M', '3C'),
(30023, 'GONZÁLEZ AGUDELO', 'JUAN ESTEBAN', 'M', '3A'),
(30024, 'RESTREPO CARO', 'ALEJANDRO', 'M', '3C'),
(30025, 'GÓMEZ BETANCUR', 'ANA MARÍA', 'F', '3A'),
(30026, 'ARIAS PULGARÍN', 'LAURA VALENTINA', 'F', '3C'),
(30027, 'BEDOYA BUILES', 'SANTIAGO', 'M', '3C'),
(30028, 'RAMÍREZ HOYOS', 'ISABELLA', 'F', '2C'),
(30029, 'ECHEVERRI GUARÍN', 'JEFFRY', 'M', '2B'),
(30030, 'MÉNDEZ MARTÍNEZ', 'JUAN FELIPE', 'M', '3A'),
(30031, 'DUQUE RESTREPO', 'JUAN ESTEBAN', 'M', '2A'),
(30032, 'BUSTAMANTE VALDÉS', 'SAMUEL', 'M', '2C'),
(30033, 'HERNÁNDEZ BONILLA', 'LAURA', 'F', '8A'),
(30034, 'PALACIO CASAS', 'MARIANA', 'F', '2C'),
(30035, 'ROJAS MARTÍNEZ', 'JUAN DIEGO', 'M', '2A'),
(30037, 'ARBELAEZ QUIRAMA', 'DAVID', 'M', '5B'),
(30038, 'RODRÍGUEZ GARCÍA', 'DIANA CRISTINA', 'F', '8B'),
(30039, 'ALCARÁZ CASTAÑO', 'SEBASTIÁN', 'M', '5B'),
(30040, 'BETANCUR ZAPATA', 'SUSANA', 'F', '2B'),
(30041, 'VALLEJO HERNÁNDEZ', 'VALENTINA', 'F', '3B'),
(30042, 'GRANADA MONTOYA', 'MELISSA', 'F', '2B'),
(30043, 'TAMAYO MARTÍNEZ', 'SUSANA', 'F', '2A'),
(30044, 'SERNA DURANGO', 'JUAN JOSÉ', 'M', '2B'),
(30046, 'PALACIO HENAO', 'MARÍA FERNANDA', 'F', '2A'),
(30048, 'LLANO LONDOÑO', 'JOSELINE', 'F', '2A'),
(30049, 'RODRÍGUEZ URIBE', 'SAMUEL', 'M', '3B'),
(30050, 'RODRÍGUEZ URIBE', 'MARÍA VALERIA', 'F', '1A'),
(30051, 'ALCARÁZ CASTAÑO', 'ELKIN ANDRÉS', 'M', '11B'),
(30053, 'ECHAVARRÍA PORTILLO', 'SARA', 'F', '3A'),
(30054, 'FLÓREZ ZAPATA', 'SAMUEL', 'M', '3A'),
(30055, 'MUÑOZ VILLA', 'SARA', 'F', '3A'),
(30056, 'RESTREPO ALBORNOZ', 'MANUELA', 'F', '3C'),
(30057, 'GÓMEZ LOAIZA', 'MARIANA', 'F', '2C'),
(30058, 'ZAPATA VILLA', 'JUAN MANUEL', 'M', '1C'),
(30059, 'MERCADO PÉREZ', 'ANA CATALINA', 'F', '2C'),
(30060, 'CALLE AGUIRRE', 'DANIELA', 'F', '2B'),
(30061, 'GIRALDO BETANCUR', 'LAURA', 'F', '3A'),
(30062, 'RAIGOZA ORREGO', 'SUSANA', 'F', '3A'),
(30063, 'BERRÍO OSORIO', 'THOMAS', 'M', '2A'),
(30064, 'HOYOS VARGAS', 'MIGUEL ANGEL', 'M', '2A'),
(30066, 'ZAPATA GIRALDO', 'MARIANA', ' F', '2B'),
(30068, 'SOSA MEDINA', 'SANTIAGO', 'M', '1C'),
(30069, 'BERMUDEZ TORRES', 'MANUELA', 'F', '1B'),
(30070, 'LOPERA CALDERÓN', 'JUAN DIEGO', 'M', '3A'),
(30074, 'BEDOYA SALDARRIAGA', 'SAMUEL', 'M', '1B'),
(30075, 'PORRAS PAZ', 'LUISA FERNANDA', 'F', '3B'),
(30076, 'DÍAZ GÓMEZ', 'JUAN ESTEBAN', 'M', '2C'),
(30077, 'VÁSQUEZ SEGURA', 'JUAN DAVID', 'M', '1A'),
(30079, 'HURTADO RESTREPO', 'JOSÉ MIGUEL', 'M', '1A'),
(30080, 'VEGA ROLDÁN', 'JERÓNIMO', 'M', '2B'),
(30081, 'MAYA VARGAS', 'JUAN JOSE', 'M', '2B'),
(30082, 'OCHOA DAVID', 'THOMÁS', 'M', '1B'),
(30083, 'OLIVA ESCOBAR', 'SHEYN ALEJANDRA', 'F', '2C'),
(30084, 'VILLA TABARES', 'ANA SOFÍA', 'F', '2C'),
(30085, 'GONZÁLEZ MUÑOZ', 'JUAN PABLO', 'M', '3A'),
(30086, 'GIRALDO GONZÁLEZ', 'MARÍA PAULINA', 'F', '2B'),
(30087, 'GONZÁLEZ MORALES', 'DAVID', 'M', '3B'),
(30088, 'GARCÍA MORALES', 'EMMANUEL', 'M', '7B'),
(30089, 'MUÑOZ VERGARA', 'JUAN JOSÉ', 'M', '3A'),
(30090, 'HERRERA ORREGO', 'MANUELA', 'F', '2B'),
(30091, 'GIL RESTREPO', 'KAREN MELISSA', 'F', '3A'),
(30092, 'ARISTIZABAL HOYOS', 'TOMÁS', 'M', '1C'),
(30093, 'QUINTERO SERNA', 'ANA SOFÍA', 'F', '1C'),
(30094, 'ZAPATA MORALES', 'ISAAC', 'M', '7A'),
(30095, 'BETANCUR ÁLVAREZ', 'CARLOS ANDRÉS', 'M', '8B'),
(30098, 'CANO ARIAS', 'VALENTINA', 'F', '1C'),
(30099, 'CASTRO RÍOS', 'JOHAN SEBASTIAN ', 'M', '3C'),
(31002, 'BETANCUR SEPÚLVEDA', 'ALEJANDRO', 'M', '2A'),
(31003, 'CÁRDENAS AMAYA', 'SANTIAGO', 'M', '6B'),
(31008, 'OCAMPO MÁRQUEZ', 'SANTIAGO', 'M', '10A'),
(31009, 'HENAO ARANGO', 'ALICIA MARIA', 'F', '11B'),
(31010, 'AGUDELO JARAMILLO', 'FELIPE', 'M', '10B'),
(31011, 'VERGARA ESCUDERO', 'RONNY DANIEL', 'M', '8A'),
(31012, 'CASTRO ÁLVAREZ', 'VALENTINA', 'F', '11A'),
(31013, 'RÍOS GIRALDO ', 'LAURA MILITZA', 'F', '2B'),
(31014, 'OSPINA MONTOYA', 'VALENTINA', 'F', '7A'),
(31016, 'ZULUAGA GIRALDO', 'VALENTINA', 'F', '6B'),
(31020, 'ECHEVERRI GALEANO', 'ANYI PAOLA', 'F', '3B'),
(31021, 'CASTRO QUINTANA', 'ESTEFANÍA ', 'F', '4C'),
(31022, 'CÁCERES ARANGO', 'ALEJANDRA', 'F', '11A'),
(31024, 'GONZÁLEZ PÉREZ', 'SUSANA', 'F', '1C'),
(31026, 'BUITRAGO CASTAÑO', 'SARITA', 'F', '1B'),
(31027, 'SERNA ARROYAVE', 'LUISA MARÍA', 'F', '9A'),
(31028, 'GÓMEZ ESCOBAR', 'JUAN DAVID', 'M', '11A'),
(31029, 'GÓMEZ RAMÍREZ', 'JORGE ALEJANDRO', 'M', '5A'),
(31030, 'HENAO CORTÉS', 'VALENTINA', 'F', '6B'),
(31031, 'MESA LONDOÑO', 'CRISTIAN DAVID', 'M', 'TB'),
(31032, 'DÍAZ QUIROZ', 'DANIELA', 'F', '6A'),
(31033, 'AGUDELO ARANGO', 'MIGUEL ANGEL', 'M', 'TB'),
(31034, 'MENA CANO', 'CARLOS ALBERTO', 'M', 'TA'),
(31035, 'BEDOYA RUÍZ', 'ANDRÉS FELIPE', 'M', 'TA'),
(31036, 'GONZÁLEZ SÁNCHEZ', 'VANESSA ALEXANDRA', 'F', '5B'),
(31037, 'GONZÁLEZ SÁNCHEZ', 'ANA SOFÍA', 'F', '3C'),
(31038, 'GONZÁLEZ SÁNCHEZ', 'MATEO', 'M', '1A'),
(31039, 'GONZÁLEZ SÁNCHEZ', 'MARCOS DAVID', 'M', '1C'),
(31040, 'BARRIENTOS GUTIÉRREZ', 'SAMUEL', 'M', '1A'),
(31041, 'MARTÍNEZ SERNA', 'JUAN ESTEBAN', 'M', '1A'),
(31042, 'GONZÁLEZ MONTAÑO', 'JUAN JOSÉ', 'M', '1B'),
(31043, 'DEOSSA HENAO', 'SARAH SOFÍA', 'F', 'TB'),
(31044, 'DURANGO ZULETA', 'ANNIE', 'F', '3C'),
(31045, 'LOPERA CHIQUITO', 'SALOMÉ', 'F', 'TB'),
(31046, 'AGUIRRE ESPINAL', 'CAROLINA', 'F', '2A'),
(31047, 'GARCÍA ÁLVAREZ', 'JUAN PABLO', 'M', 'TA'),
(31048, 'AVENDAÑO CUERVO', 'JUAN PABLO', 'M', '2B'),
(31049, 'OSPINA CALLE', 'MARIA ANGELICA', 'F', '1B'),
(31050, 'ARBELAEZ QUIRAMA', 'CRISTIAN', 'M', '2C'),
(31051, 'GIL FRANCO', 'SANTIAGO', 'M', '3B'),
(31053, 'RODRÍGUEZ GARCÍA', 'DIEGO SANTIAGO', 'M', '9B'),
(31054, 'FERNÁNDEZ GUZMAN', 'VANESSA', 'F', '1A'),
(31055, 'RAMÍREZ RODRÍGUEZ', 'SANTIAGO ANDRÉS', 'M', 'TB'),
(31056, 'ÁLVAREZ CANO', 'WILMAR ANDRES', 'M', '2C'),
(31058, 'NOREÑA AMAYA', 'JOSÉ MANUEL', 'M', '2A'),
(31059, 'CORREA HERNÁNDEZ', 'JUAN JOSÉ', 'M', '4A'),
(31060, 'RESTREPO GARCIA', 'ALEJANDRO', 'M', '1B'),
(31061, 'CASTAÑO MARÍN', 'VALERY', 'F', '2A'),
(31062, 'HURTADO ÁLVAREZ', 'NICOLE', 'F', '4C'),
(31064, 'RÍOS SEPÚLVEDA', 'SAMUEL', 'M', '2A'),
(31065, 'MARTÍNEZ BENJUMEA', 'LUIS MIGUEL', 'M', '2B'),
(31066, 'AGUIAR ISAZA', 'LUCIANA', 'F', 'TA'),
(31068, 'JIMÉNEZ CEBALLOS', 'TOMAS', 'M', '3B'),
(31069, 'ZAPATA ROMÁN', 'JUAN JOSÉ', 'M', 'TB'),
(31070, 'RÍOS MARÍN', 'VALERIA', 'F', '2A'),
(31071, 'GARCÍA GARCÍA ', 'BRENDA DAYANA', 'F', '2C'),
(31072, 'TENGANÁN MEDINA ', 'MIGUEL ANGEL', 'M', '2C'),
(31073, 'CASTRO AGUDELO', 'CAMILA', 'F', 'TB'),
(31074, 'BEDOYA DONADO', 'SARA', 'F', '2C'),
(31075, 'SÁNCHEZ RAMÍREZ', 'SAMUEL', 'M', '1C'),
(31076, 'CÁRDENAS PARRA', 'MIGUEL ANGEL', 'M', '2C'),
(31077, 'ROJAS CARDONA', 'JERÓNIMO', 'M', '1C'),
(31078, 'ROJO TASCÓN', 'SANTIAGO', 'M', '2B'),
(31079, 'RUEDA CEBALLOS', 'SALOMÉ', 'F', '4C'),
(31080, 'DAZA RUÍZ', 'JUAN MANUEL', 'M', '2C'),
(31081, 'AGUDELO CASTAÑEDA', 'DANIEL', 'M', '1A'),
(31082, 'AGUDELO CASTAÑEDA', 'EMMANUEL', 'M', 'TA'),
(31083, 'VILLA DEL VALLE', 'MARÍA ANTONIA', 'F', '1A'),
(31084, 'CRUZ GUERRA', 'MARIANA', 'F', '2B'),
(31085, 'VALENCIA AGUDELO', 'SANTIAGO', 'M', '2C'),
(31086, 'JARAMILLO FERNÁNDEZ', ' JUAN DAVID', 'M', '1C'),
(31087, 'PIEDRAHITA POSSO', 'ANDRÉS FELIPE', 'M', 'TB'),
(31088, 'ARTEAGA VARGAS', 'JACOBO', 'M', 'TB'),
(31089, 'NIETO OROZCO', 'SANTIAGO', 'M', '1A'),
(31090, 'SÁNCHEZ FORONDA', 'JUAN CAMILO', 'M', '1A'),
(31091, 'JARAMILLO TABIMA', 'TOMAS', 'M', '1A'),
(31092, 'DUQUE URREA', 'JUAN JOSE', 'M', '1A'),
(31093, 'MONTOYA GUTIÉRREZ', 'JINELL', 'F', '1C'),
(31094, 'LONDOÑO PALACIO', 'MATEO', 'M', '1A'),
(31095, 'RODRÍGUEZ QUINTERO', 'EMANUEL', 'M', '2C'),
(31096, 'DÍAZ ÁLVAREZ', 'JUAN PABLO', 'M', '2A'),
(31097, 'CORREA VALENCIA', 'MARIANA', 'F', 'TA'),
(31098, 'RÍOS CANO', 'MAIALEN', 'F', 'TA'),
(31099, 'CÁRDENAS PUERTA', 'SAMUEL', 'M', '1B'),
(31100, 'SIERRA CARDONA', 'SOFIA', 'F', '1B'),
(31101, 'SALDARRIAGA CARDONA ', 'ALEJANDRO', 'M', '1B'),
(32001, 'GUTIÉRREZ VARGAS', 'JUAN PABLO', 'M', '1B'),
(32002, 'YOTAGRI SEPÚLVEDA', 'MIGUEL ANGEL', 'M', '1B'),
(32003, 'CARMONA USME', 'SAMUEL', 'M', '2A'),
(32004, 'CARDONA LONDOÑO', 'MARÍA ISABELA', 'F', 'TA'),
(32005, 'ROLDÁN RUÍZ', 'JUAN SEBASTIÁN', 'M', 'TA'),
(32006, 'RAMÍREZ RODRÍGUEZ', 'SAMUEL', 'M', '2B'),
(32007, 'SALGAR OLARTE', 'MIGUEL ANGEL', 'M', '2C'),
(32008, 'IBARGUEN MORENO', 'JOSÉ MIGUEL', 'M', '1B'),
(32009, 'RUEDA RINCÓN', 'MARIANA', 'F', '1C'),
(32010, 'PATIÑO VALDERRAMA', 'ANA SOFÍA', 'F', '1A'),
(32011, 'HERRERA HERNÁNDEZ', 'SUSANA', 'F', '1B'),
(32013, 'ACEVEDO RIVERA', 'MARITZABELL', 'F', '1A'),
(32017, 'VIERA AGUDELO', 'SALOMÉ', 'F', '1C'),
(32018, 'CORTÉS AGUDELO', 'SAMUEL', 'M', '1B'),
(32019, 'ESTRADA HOYOS', 'SIMÓN', 'M', 'TA'),
(32020, 'GIL DUARTE', 'JOHAN ANDRÉS', 'M', 'TB'),
(32021, 'VARGAS RESTREPO', 'ESTEBAN', 'M', '2A'),
(32022, 'GAVIRIA HERNÁNDEZ', 'SAMUEL', 'M', '2A'),
(32023, 'MUÑOZ MUÑOZ', 'VALENTINA', 'F', '2B'),
(32024, 'OCHOA MONTOYA', 'SUSANA', 'F', 'TB'),
(32025, 'ALCARAZ ARROYAVE', 'CAROLINA MARÍA', 'F', '9A'),
(32026, 'VILLA VELÁSQUEZ', 'SALOMÉ', 'F', 'TA'),
(32027, 'MARULANDA CORREA', 'EDWARD ALEJANDRO', 'M', '1C'),
(32028, 'AVENDAÑO PALACIO', 'MARÍA ISABEL', 'F', '1A'),
(32029, 'GÓMEZ CUARTAS', 'MARÍA FERNANDA', 'F', '2A'),
(32030, 'AGUIRRE MUÑOZ ', 'JUAN FELIPE', 'M', 'TA'),
(32031, 'TAPIAS GÓMEZ ', 'JORGE LUIS', 'M', '2C'),
(32032, 'ROLDÁN MUÑOZ', 'SANTIAGO', 'M', '1B'),
(32033, 'OSSA OSPINA', 'DAVID ALEJANDRO', 'M', '2B'),
(32034, 'LÓPEZ VÉLEZ', 'JUAN MANUEL', 'M', '1C'),
(32035, 'PUERTA SUAZA', 'JUAN PABLO', 'M', '2B'),
(32037, 'GALLEGO VILLADA', 'SARA', 'F', '4A'),
(32038, 'GALLEGO VILLADA', 'JUAN DIEGO', 'M', '9A'),
(32039, 'GALLEGO VILLADA', 'MANUELA', 'F', '6A'),
(32040, 'ALZATE DUQUE', 'YARA JULIANA', 'F', '1A'),
(32041, 'HERRERA GARCÍA', 'VALERIA', 'F', '2A'),
(32042, 'JARAMILLO FERNÁNDEZ', 'MELIZA', 'F', '8A'),
(32043, 'CASTAÑO TABORDA', 'SUSANA', 'F', 'TA'),
(32044, 'RÍOS ORTÍZ', 'ISABELLA', 'F', 'TA'),
(32045, 'DUQUE MARÍN', 'LAURA', 'F', '8A'),
(32046, 'DUQUE MARÍN', 'JUAN JOSÉ', 'M', '1B'),
(32047, 'GONZÁLEZ VÁSQUEZ', 'LISSE MARIANNA', 'F', 'TB'),
(32048, 'GARCÍA URÁN', 'MARÍA FERNANDA', 'F', '1B'),
(32050, 'SALAZAR ALZATE', 'MIGUEL ANGEL', 'M', '1C'),
(32051, 'CARDONA GÓMEZ', 'SARA', 'F', 'TB'),
(32052, 'GIRALDO MORALES', 'TOMAS', 'M', '6B'),
(32053, 'LOPERA CALDERÓN', 'CARLOS ALBERTO', 'M', 'TA'),
(32055, 'GÓMEZ ESCOBAR', 'MARIO ALEJANDRO', 'M', '8B'),
(32056, 'LONDOÑO RAMOS', 'MARÍA FERNANDA', 'F', '5A'),
(32057, 'AREIZA AREIZA', 'MATEO', 'M', '5A'),
(32058, 'FERNÁNDEZ GIRALDO', 'OLGA SUSANA', 'F', '5B'),
(32059, 'GUTIÉRREZ RAMÍREZ', 'ANA SOFÍA', 'F', '1A'),
(32060, 'TAPIAS PÉREZ', 'SARA', 'F', 'TB'),
(32061, 'RÍOS ATEHORTÚA', 'JUAN JOSÉ', 'M', '1C'),
(32062, 'QUINTERO BASTIDAS', 'VALENTINA', 'F', '3B'),
(32063, 'FLOREZ FLOREZ', 'SANTIAGO', 'M', 'TB'),
(32064, 'ESCUDERO FLOREZ', 'CRISTIAN DAVID', 'M', 'TB'),
(32065, 'MARULANDA BECERRA', 'MANUELA', 'F', '1C'),
(32066, 'MURILLO SÁNCHEZ', 'MARÍA ISABEL', 'F', '3C'),
(32067, 'BAENA ARIAS', 'SAMUEL', 'M', 'TA'),
(32068, 'MURILLO SÁNCHEZ', 'MARÍA ALEJANDRA ', 'F', '8B'),
(32070, 'RIVERA SERNA', 'ANA SOFÍA', 'F', '1B'),
(32071, 'CARVAJAL AREIZA', 'JOSÉ MIGUEL', 'M', '2B'),
(32073, 'GUERRA LONDOÑO', 'BRANDON STID', 'M', '10B'),
(32074, 'ALVAREZ LONDOÑO', 'BREINER ALEXANDER', 'M', '2A'),
(32075, 'CANO ARROYAVE', 'SOFÍA', 'F', '4A'),
(32076, 'ACEVEDO CAÑAS', 'ANDRÉS FELIPE', 'M', '5B'),
(32079, 'VILLADA DAVID', 'JUAN PABLO', 'M', '3A'),
(32080, 'BRAN LLAMAS', 'JOSE DANIEL', 'M', '6B'),
(32081, 'DE LA HOZ DE LA HOZ', 'ANDRÉS FELIPE', 'M', '9B'),
(32082, 'ZAPATA SEPÚLVEDA', 'JUAN CAMILO', 'M', '8A'),
(32084, 'CANO JIMENEZ', 'JOSE MANUEL', 'M', '4C'),
(32085, 'RIOS ROMÁN ', 'MARIANA', 'F', '5A'),
(32086, 'GÓMEZ VALENCIA', 'JUAN PABLO', 'M', '3A'),
(32088, 'USUGA VALENCIA', 'SAMUEL BARÚ', 'M', 'JA'),
(32089, 'MARTINEZ ROJAS', 'LUISA MARIA', 'F', 'JA'),
(32090, 'RAMIREZ HOYOS', 'JACOBO', 'M', 'JA'),
(32091, 'ZAPATA GIRALDO', 'JUAN JOSÉ', 'M', 'JA'),
(32092, 'MONCADA GUANUME', 'DAVID', 'M', 'JA'),
(32093, 'SALAZAR CRESPO', 'MATEO', 'M', 'TB'),
(32094, 'GARCÍA PULGARÍN', 'SALOMÉ', 'F', 'TB'),
(32095, 'ROJAS ARBOLEDA', 'SAMUEL DAVID', 'M', '2C'),
(32096, 'RINCÓN PINEDA', 'VALERY', 'F', 'TB'),
(32097, 'ARÉVALO JARAMILLO', 'JERÓNIMO', 'M', 'JA'),
(32098, 'OCAMPO ARDILA', 'MANUELA', 'F', 'JA'),
(32099, 'CAÑAVERAL SALAS', 'JUAN ESTEBAN', 'M', 'JA'),
(33001, 'ARIAS HERNÁNDEZ', 'SOFÍA', 'F', 'JA'),
(33002, 'SÁNCHEZ ROMÁN', 'SARA', 'F', 'TB'),
(33003, 'URIBE URIBE', 'JUAN FELIPE', 'M', 'TB'),
(33004, 'GÓMEZ ESCOBAR', 'JOSÉ FERNANDO', 'M', '3B'),
(33005, 'LOPERA DUQUE', 'SALOMÉ', 'F', 'TA'),
(33006, 'GIL RESTREPO', 'SARA LISETH', 'F', 'JA'),
(33007, 'HIGUITA MUÑOZ', 'LUISA MARIA', 'F', 'TA'),
(33008, 'RESTREPO GUZMÁN', 'SAMANTHA', 'F', 'JA'),
(33009, 'QUIROS RODRIGUEZ', 'GIANN CARLO', 'M', 'TB'),
(33010, 'OROZCO RAMIREZ', 'ISABELA', 'F', 'TB'),
(33011, 'CIRO ARANGO', 'ISABELLA', 'F', 'TA'),
(33012, 'BENAVIDES MONSALVE', 'ALEJANDRO', 'M', 'TA'),
(33014, 'VASQUEZ GUZMAN', 'ISABELA', 'F', 'TA'),
(33015, 'NORIEGA CARDONA', 'MARIA JIMENA', 'F', 'TB'),
(33016, 'RAMIREZ RESTREPO', 'KEVIN', 'M', 'TA'),
(33017, 'ESTRADA ANGEL', 'ISABELLA', 'F', 'TB'),
(33018, 'ROJAS ARBELAEZ', 'JUAN ESTEBAN', 'M', 'TA'),
(33019, 'RUIZ HERRERA', 'JOSÉ MANUEL', 'M', 'TA'),
(33020, 'RUIZ HERRERA', 'ANA MARIA', 'F', '5B'),
(33021, 'MARTINEZ MACÍAS', 'SIMÓN', 'M', 'JA'),
(33022, 'ARROYAVE RINCÓN ', 'JUAN ESTEBAN', 'M', 'TB'),
(33023, 'HOLGUIN PEREZ', 'ISABELA', 'F', 'TA'),
(33024, 'HERNANDEZ URIBE', 'SAMUEL', 'M', 'JA'),
(33025, 'GIRALDO LONDOÑO', 'MATIAS', 'M', 'TA'),
(33026, 'SEPÚLVEDA MORENO', 'NICOLÁS', 'M', 'TA'),
(33027, 'ROJAS SALDARRIAGA', 'SOFÍA', 'F', 'TB'),
(33028, 'PARRA CANDIL', 'MARIA CAMILA', 'F', 'TA'),
(33029, 'LÓPEZ RUDA', 'SOFÍA', 'F', 'TA'),
(33030, 'GÓMEZ ARBELAEZ', 'SAMUEL', 'M', 'TB'),
(33031, 'ISAZA MEJÍA', 'TOMÁS', 'M', 'TB'),
(33032, 'LOPEZ POSSO', 'MIGUEL ANGEL', 'M', 'TB'),
(33033, 'AGUILAR SÁNCHEZ', 'ANDRÉS DAVID', 'M', '1C'),
(33034, 'VALENCIA GARCÍA', 'ALISON', 'F', '1A'),
(33035, 'TORO CORDOBA', 'JACOBO', 'M', '1A'),
(33036, 'CASTAÑO ATEHORTÚA', 'ARIADNA EMILETH', 'F', '1B'),
(33037, 'GIRALDO YEPES', 'JOHANA', 'F', '1A'),
(33038, 'MOLINA LÓPEZ', 'MARÍA JOSÉ', 'F', '1A'),
(33039, 'MOSQUERA GIRALDO', 'SARA ISABEL ', 'F', 'JA'),
(33040, 'AGUDELO COLORADO', 'SAMUEL', 'M', 'TA'),
(33041, 'QUINCHIA GARCÍA', 'JUAN MANUEL', 'M', '1A'),
(33042, 'VÁSQUEZ LONDOÑO', 'MARIANA', 'F', '1B'),
(33043, 'FRANCO SUÁREZ', 'SAMUEL DAVID', 'M', '1A'),
(33044, 'ESTRADA  GARZÓN', 'MARÍA JOSÉ', 'F', '1B'),
(33045, 'ECHAVARRIA VILLEGAS', 'SARA', 'F', 'TA'),
(33046, 'MONTOYA PULGARÍN', 'SAMUEL', 'M', '1B'),
(33047, 'ROMERO RAMÍREZ', 'SOFÍA', 'F', '1C'),
(33048, 'TORO SÁNCHEZ', 'MARÍA PAULINA', 'F', '1B'),
(33049, 'SALAZAR ALZATE', 'ESTEBAN', 'M', '1B'),
(33050, 'OREJUELA HERNÁNDEZ', 'SANTIAGO', 'M', '1B'),
(33051, 'CARDONA TORRES', 'SOFÍA', 'F', 'TA'),
(33052, 'SALAZAR CRESPO', 'YERALDIN', 'F', '5A'),
(33053, 'HOYOS CHICA', 'VALERIA', 'F', '1C'),
(33054, 'VÉLEZ SÁNCHEZ', 'SAMUEL', 'M', 'JA'),
(33055, 'GÓMEZ BALLESTEROS', 'ISABELA', 'F', '1C'),
(33056, 'SALAZAR HENAO', 'SEBASTIAN', 'M', '1B'),
(33057, 'ARROYAVE MONTES', 'SAMUEL HERNANDO', 'M', '5A'),
(33058, 'GÓMEZ RIVERA', 'VALENTINA', 'F', '1B'),
(33059, 'SIERRA VÁSQUEZ', 'JUAN MIGUEL', 'M', '2A'),
(33060, 'DURÁN VARELA ', 'CAROLINA', 'F', '2A'),
(33061, 'FRANCO HERRERA', 'ESTEBAN', 'M', '2A'),
(33062, 'SEPÚLVEDA HIGUITA', 'MARÍA FERNANDA', 'F', '2C'),
(33063, 'GÓMEZ MADRID', 'JUAN DAVID', 'M', '3B'),
(33064, 'BARRERA GIRALDO', 'SARA', 'F', '3B'),
(33065, 'PÉREZ MUÑOZ', 'MANUEL', 'M', '1B'),
(33066, 'VILLEGAS ESCOBAR', 'MARIANA', 'F', '3A'),
(33067, 'VILLEGAS ESCOBAR', 'SANTIAGO', 'M', '5B'),
(33068, 'OSPINA GARCÍA', 'KEVIN', 'M', '5A'),
(33069, 'MENESES CALDERÓN', 'SANTIAGO', 'M', '5A'),
(33070, 'OCHOA GIRALDO', 'EMANUEL', 'M', '3B'),
(33071, 'VÉLEZ PEREZ', 'JUAN ESTEBAN', 'M', '2B'),
(33072, 'JIMÉNEZ LOAIZA', 'MATEO', 'M', '5B'),
(33073, 'MARIN GARCIA', 'JUANA VALENTINA', 'F', 'TB'),
(33074, 'ARISTIZABAL GALILEO', 'JACOBO', 'M', 'JA'),
(33075, 'ANGEL MEJIA', 'JERÓNIMO', 'M', 'JA'),
(33076, 'CARDONA BERMUDEZ', 'ISABELA', 'F', '1A'),
(33077, 'PÉREZ MADRID', 'SARA', 'F', '2B'),
(33078, 'CARO MARÍN', 'NICOLÁS', 'M', 'JA'),
(33079, 'CARVAJAL YEPES', 'JUAN JOSÉ', 'M', 'JA'),
(33080, 'AGUDELO GOMEZ', 'ANA SOFÍA', 'F', 'JA'),
(33081, 'SILVA QUINCHÍA', 'SUSANA', 'F', 'TA'),
(33082, 'MONTOYA VANEGAS', 'JUAN JOSÉ', 'M', 'JA'),
(33083, 'PÉREZ GARCÍA', 'ISABELA', 'F', 'TB'),
(33084, 'CEBALLOS PÉREZ', 'MARIA PAULA', 'F', 'TA'),
(33085, 'RÚA MONTOYA', 'EMANUEL', 'M', 'TA'),
(33086, 'VALENCIA GUZMÁN', 'ISABELA', 'F', 'TB'),
(33087, 'MARTÍNEZ AGUDELO', 'SAMUEL', 'M', '2B'),
(33088, 'AGUDELO MOLINA', 'MIGUEL ANGEL', 'M', 'TB'),
(33090, 'PÉREZ RIOS', 'TOMÁS', 'M', 'TA'),
(33091, 'RIVERA RAIGOZA', 'ANA SOFÍA', 'F', 'TB'),
(33092, 'PELAYO LEMA', 'SALOMÉ', 'F', 'TB'),
(33093, 'GALLEGO LOPERA', 'MARIANA', 'F', '4A'),
(33094, 'SILVA PULGARIN', 'PAULINA', 'F', 'JA'),
(33095, 'JIMÉNEZ SÁNCHEZ', 'TOMÁS', 'M', '1C'),
(33096, 'BOLAÑO TORO', 'SEBASTIAN', 'M', '6B'),
(33097, 'GIL GONZALEZ', 'PAULINA', 'F', '8B'),
(33098, 'ORREGO QUINTERO', 'JUAN JOSÉ', 'M', 'JA'),
(33099, 'VERGARA ESCUDERO', 'ESTEBAN', 'M', '6A'),
(33100, 'ECHEVERRI GALEANO', 'ESTEFANY', 'F', '1C'),
(34001, 'ALFONSO AVENDAÑO', 'SAMUEL', 'M', '1A'),
(34002, 'CORREA ZAPATA', 'JOEL MATIAS', 'M', 'JA'),
(34003, 'CORREA ARIAS', 'ALEJANDRO', 'M', '3A'),
(34004, 'VALDÉS GARCIA', 'MARIANA', 'F', '1A'),
(34005, 'MADRID RICO', 'THOMÁS', 'M', '4A'),
(34007, 'OSSA MONTOYA', 'MELISA', 'F', '3C'),
(34008, 'SALAZAR VILLA', 'VALENTINA', 'F', '1A'),
(34009, 'ALVAREZ LONDOÑO', 'MICHELLE VALERIA', 'F', 'JA'),
(34010, 'GÓMEZ CAMPO', 'SUSANA', 'F', 'TB'),
(34011, 'BOTERO PINEDA', 'JACOBO', 'M', '1C'),
(34012, 'ECHEVERRI GARCIA', 'ANDRÉS FELIPE', 'M', '1C'),
(34013, 'MARIN RODRIGUEZ', 'SIMÓN', 'M', '2A'),
(34016, 'MUÑETON ECHEVERRY', 'PAMELA', 'F', '4A'),
(34017, 'CASTAÑO HENAO', 'VALERIA', 'F', '1C'),
(34018, 'HERRERA VILLEGAS', 'SAMUEL', 'M', '2B'),
(34019, 'VANEGAS HENAO', 'EVELIN', 'F', '1C'),
(34020, 'VÁSQUEZ PEREZ', 'KARINA', 'F', '9B'),
(34021, 'LOPEZ LOAIZA', 'YORMAN', 'M', '2B'),
(34022, 'SOSA SEPÚLVEDA', 'MARIA ALEJANDRA', 'F', 'JA'),
(34023, 'OCHOA LOPERA', 'JERÓNIMO', 'M', '1A'),
(34024, 'HIGUITA OCAMPO', 'VALERIA', 'F', '4A'),
(34025, 'HIGUITA OCAMPO', 'MARIA JOSÉ', 'F', '2C');

-- --------------------------------------------------------

--
-- Estructura de tabla para la tabla `ingresos`
--

CREATE TABLE IF NOT EXISTS `ingresos` (
  `id` int(11) NOT NULL AUTO_INCREMENT,
  `usuario` int(11) DEFAULT NULL,
  `estudiante` int(10) DEFAULT NULL,
  `observaciones` text NOT NULL,
  `fecha` date DEFAULT NULL,
  `hora` time DEFAULT NULL,
  PRIMARY KEY (`id`),
  KEY `usuario` (`usuario`),
  KEY `estudiante` (`estudiante`)
) ENGINE=InnoDB DEFAULT CHARSET=latin1 AUTO_INCREMENT=35 ;

--
-- Volcado de datos para la tabla `ingresos`
--

INSERT INTO `ingresos` (`id`, `usuario`, `estudiante`, `observaciones`, `fecha`, `hora`) VALUES
(4, 1, 31028, 'hola juan david', '2013-03-04', '01:06:27'),
(5, 1, 32055, 'se callo miestras llegaba', '2013-03-04', '01:11:03'),
(9, 1, 15055, 'le dio pereza madrugar', '2013-03-05', '12:33:00'),
(10, 1, 31028, 'es un dormilon', '2013-03-05', '12:33:46'),
(11, 1, 17071, 'por es muy bobo', '2013-03-05', '01:06:41'),
(12, 1, 33004, '', '2013-03-10', '11:04:37'),
(13, 1, 21066, '', '2013-03-11', '05:34:29'),
(14, 1, 14054, '', '2013-03-12', '12:34:01'),
(15, 1, 15058, '', '2013-03-12', '12:37:30'),
(16, 1, 31012, '', '2013-03-12', '12:38:38'),
(18, 1, 31028, '', '2013-03-14', '12:38:49'),
(19, 1, 15007, '', '2013-03-14', '01:42:16'),
(20, 1, 7034, '', '2013-03-16', '10:13:41'),
(22, 1, 19020, 'llego tarde ....', '2013-03-19', '10:22:26'),
(23, 1, 26047, '', '2013-03-19', '10:23:34'),
(24, 1, 24049, '', '2013-03-19', '01:08:49'),
(25, 1, 22077, '', '2013-03-19', '01:09:22'),
(26, 1, 31028, 'llego tarde por bobo', '2013-03-21', '01:01:33'),
(27, 1, 10016, '', '2013-03-21', '10:02:17'),
(28, 1, 17071, '', '2013-03-24', '07:15:16'),
(29, 1, 31028, '', '2013-03-24', '07:21:09'),
(30, 1, 31028, '', '2013-03-24', '07:28:04'),
(31, 1, 31028, '', '2013-03-24', '07:44:19'),
(32, 1, 32055, '', '2013-03-24', '07:45:09'),
(33, 1, 14051, 'Se Durmio y se le olvido madrugar', '2013-03-29', '12:33:35'),
(34, 4, 31028, '', '2013-04-02', '12:59:00');

-- --------------------------------------------------------

--
-- Estructura de tabla para la tabla `usuarios`
--

CREATE TABLE IF NOT EXISTS `usuarios` (
  `id` int(11) NOT NULL AUTO_INCREMENT,
  `nombre` varchar(45) DEFAULT NULL,
  `usuario` varchar(45) DEFAULT NULL,
  `clave` varchar(45) DEFAULT NULL,
  `rango` int(11) NOT NULL,
  PRIMARY KEY (`id`)
) ENGINE=InnoDB DEFAULT CHARSET=latin1 AUTO_INCREMENT=5 ;

--
-- Volcado de datos para la tabla `usuarios`
--

INSERT INTO `usuarios` (`id`, `nombre`, `usuario`, `clave`, `rango`) VALUES
(1, 'Juan David', 'admin', 'admin', 1),
(4, 'juan david', 'jdavidg.e@hotmail.com ', 'juanchito07', 1);

--
-- Restricciones para tablas volcadas
--

--
-- Filtros para la tabla `acudiente`
--
ALTER TABLE `acudiente`
  ADD CONSTRAINT `acudiente-estudiante` FOREIGN KEY (`estudiante`) REFERENCES `estudiantes` (`codigo`);

--
-- Filtros para la tabla `ingresos`
--
ALTER TABLE `ingresos`
  ADD CONSTRAINT `estudiante` FOREIGN KEY (`estudiante`) REFERENCES `estudiantes` (`codigo`),
  ADD CONSTRAINT `usuario` FOREIGN KEY (`usuario`) REFERENCES `usuarios` (`id`);

/*!40101 SET CHARACTER_SET_CLIENT=@OLD_CHARACTER_SET_CLIENT */;
/*!40101 SET CHARACTER_SET_RESULTS=@OLD_CHARACTER_SET_RESULTS */;
/*!40101 SET COLLATION_CONNECTION=@OLD_COLLATION_CONNECTION */;
